email,source_url,found_at,keyword
irtastordai@gmail.com,https://www.megyeitudakozoportal.hu/kereses?megye=14-Pest%20megye&start=0&limit=100,2026-01-13 12:52:32,
tarrexkft@gmail.com,https://www.megyeitudakozoportal.hu/kereses?megye=14-Pest%20megye&start=0&limit=100,2026-01-13 12:52:32,
moltim.autoszerviz@gmail.com,https://www.megyeitudakozoportal.hu/kereses?megye=14-Pest%20megye&start=0&limit=100,2026-01-13 12:52:32,
huspalotalaci@freemail.hu,https://www.megyeitudakozoportal.hu/kereses?megye=14-Pest%20megye&start=0&limit=100,2026-01-13 12:52:32,
szt-rita@freemail.hu,https://www.megyeitudakozoportal.hu/kereses?megye=14-Pest%20megye&start=0&limit=100,2026-01-13 12:52:32,
cetlike1@gmail.com,https://www.megyeitudakozoportal.hu/kereses?megye=14-Pest%20megye&start=0&limit=100,2026-01-13 12:52:32,
andora001@t-online.hu,https://www.megyeitudakozoportal.hu/kereses?megye=14-Pest%20megye&start=0&limit=100,2026-01-13 12:52:32,
zsoldos.misi@gmail.com,https://www.megyeitudakozoportal.hu/kereses?megye=14-Pest%20megye&start=0&limit=100,2026-01-13 12:52:32,
antigraffitibt@gmail.com,https://www.megyeitudakozoportal.hu/kereses?megye=14-Pest%20megye&start=0&limit=100,2026-01-13 12:52:32,
info@anti-graffiti.hu,https://www.megyeitudakozoportal.hu/kereses?megye=14-Pest%20megye&start=0&limit=100,2026-01-13 12:52:32,
konyveloiroda@sponga.hu,https://www.megyeitudakozoportal.hu/kereses?megye=14-Pest%20megye&start=0&limit=100,2026-01-13 12:52:32,
schreckkarpit@t-online.hu,https://www.megyeitudakozoportal.hu/kereses?megye=14-Pest%20megye&start=0&limit=100,2026-01-13 12:52:32,
info@vasallak.hu,https://www.megyeitudakozoportal.hu/kereses?megye=14-Pest%20megye&start=0&limit=100,2026-01-13 12:52:32,
cciiddeess@gmail.com,https://www.megyeitudakozoportal.hu/kereses?megye=14-Pest%20megye&start=0&limit=100,2026-01-13 12:52:32,
kisbalazs67@gmail.com,https://www.megyeitudakozoportal.hu/kereses?megye=14-Pest%20megye&start=0&limit=100,2026-01-13 12:52:32,
szotthonszokolya@gmail.com,https://www.megyeitudakozoportal.hu/kereses?megye=14-Pest%20megye&start=0&limit=100,2026-01-13 12:52:32,
tanodak@gmail.com,https://www.megyeitudakozoportal.hu/kereses?megye=14-Pest%20megye&start=0&limit=100,2026-01-13 12:52:32,
extrahustrade95@gmail.com,https://www.megyeitudakozoportal.hu/kereses?megye=14-Pest%20megye&start=0&limit=100,2026-01-13 12:52:32,
gabor.homa@gmail.com,https://www.megyeitudakozoportal.hu/kereses?megye=14-Pest%20megye&start=0&limit=100,2026-01-13 12:52:32,
veresnetb@gmail.com,https://www.megyeitudakozoportal.hu/kereses?megye=14-Pest%20megye&start=0&limit=100,2026-01-13 12:52:32,
praktikuskft@praktikuskft.hu,https://www.megyeitudakozoportal.hu/kereses?megye=14-Pest%20megye&start=0&limit=100,2026-01-13 12:52:32,
info@erdiredony.hu,https://www.megyeitudakozoportal.hu/kereses?megye=14-Pest%20megye&start=0&limit=100,2026-01-13 12:52:32,
64nagymarianna@gmail.com,https://www.megyeitudakozoportal.hu/kereses?megye=14-Pest%20megye&start=0&limit=100,2026-01-13 12:52:32,
arkus@arkus2000.hu,https://www.megyeitudakozoportal.hu/kereses?megye=14-Pest%20megye&start=0&limit=100,2026-01-13 12:52:32,
jamborzoltan@jkmed.hu,https://www.megyeitudakozoportal.hu/kereses?megye=14-Pest%20megye&start=0&limit=100,2026-01-13 12:52:32,
valiczek.jozsef@chello.hu,https://www.megyeitudakozoportal.hu/kereses?megye=14-Pest%20megye&start=0&limit=100,2026-01-13 12:52:32,
papirvaros1@gmail.com,https://www.megyeitudakozoportal.hu/kereses?megye=14-Pest%20megye&start=0&limit=100,2026-01-13 12:52:32,
hajnalkav82@gmail.com,https://www.megyeitudakozoportal.hu/kereses?megye=14-Pest%20megye&start=0&limit=100,2026-01-13 12:52:32,
saab_zoo@hotmail.com,https://www.megyeitudakozoportal.hu/kereses?megye=14-Pest%20megye&start=0&limit=100,2026-01-13 12:52:32,
szelvedojavitas.krasznai@gmail.com,https://www.megyeitudakozoportal.hu/kereses?megye=14-Pest%20megye&start=0&limit=100,2026-01-13 12:52:32,
stefilaci@gmail.com,https://www.megyeitudakozoportal.hu/kereses?megye=14-Pest%20megye&start=0&limit=100,2026-01-13 12:52:32,
sosvaltojavito@gmail.com,https://www.megyeitudakozoportal.hu/kereses?megye=14-Pest%20megye&start=0&limit=100,2026-01-13 12:52:32,
kottan.ervin76@gmail.com,https://www.megyeitudakozoportal.hu/kereses?megye=14-Pest%20megye&start=0&limit=100,2026-01-13 12:52:32,
janos@azgeneral.hu,https://www.megyeitudakozoportal.hu/kereses?megye=14-Pest%20megye&start=0&limit=100,2026-01-13 12:52:32,
sagikativirag@gmail.com,https://www.megyeitudakozoportal.hu/kereses?megye=14-Pest%20megye&start=0&limit=100,2026-01-13 12:52:32,
szlitancar@gmail.com,https://www.megyeitudakozoportal.hu/kereses?megye=14-Pest%20megye&start=0&limit=100,2026-01-13 12:52:32,
info@contireg.hu,https://www.megyeitudakozoportal.hu/kereses?megye=14-Pest%20megye&start=0&limit=100,2026-01-13 12:52:32,
bohmerkft2002@gmail.com,https://www.megyeitudakozoportal.hu/kereses?megye=14-Pest%20megye&start=0&limit=100,2026-01-13 12:52:32,
dobos.attila@delpestgaz.hu,https://www.megyeitudakozoportal.hu/kereses?megye=14-Pest%20megye&start=0&limit=100,2026-01-13 12:52:32,
robarkft@gmail.com,https://www.megyeitudakozoportal.hu/kereses?megye=14-Pest%20megye&start=0&limit=100,2026-01-13 12:52:32,
robarbt@indamail.hu,https://www.megyeitudakozoportal.hu/kereses?megye=14-Pest%20megye&start=0&limit=100,2026-01-13 12:52:32,
sztavrosz.zsuzsa@gmail.com,https://www.megyeitudakozoportal.hu/kereses?megye=14-Pest%20megye&start=0&limit=100,2026-01-13 12:52:32,
baki.laci1@t-online.hu,https://www.megyeitudakozoportal.hu/kereses?megye=14-Pest%20megye&start=0&limit=100,2026-01-13 12:52:32,
baki.laszlo1@t-online.hu,https://www.megyeitudakozoportal.hu/kereses?megye=14-Pest%20megye&start=0&limit=100,2026-01-13 12:52:32,
gutkaminkft@gmail.com,https://www.megyeitudakozoportal.hu/kereses?megye=14-Pest%20megye&start=0&limit=100,2026-01-13 12:52:32,
info@transmotors.hu,https://www.megyeitudakozoportal.hu/kereses?megye=14-Pest%20megye&start=0&limit=100,2026-01-13 12:52:32,
piroskademeter2@gmail.com,https://www.megyeitudakozoportal.hu/kereses?megye=14-Pest%20megye&start=0&limit=100,2026-01-13 12:52:32,
hamzabau@t-online.hu,https://www.megyeitudakozoportal.hu/kereses?megye=14-Pest%20megye&start=0&limit=100,2026-01-13 12:52:32,
info@disznovenykerteszet.hu,https://www.megyeitudakozoportal.hu/kereses?megye=14-Pest%20megye&start=0&limit=100,2026-01-13 12:52:32,
info@romantikavirag.hu,https://www.megyeitudakozoportal.hu/kereses?megye=14-Pest%20megye&start=0&limit=100,2026-01-13 12:52:32,
mazpont@gmail.com,https://www.megyeitudakozoportal.hu/kereses?megye=14-Pest%20megye&start=0&limit=100,2026-01-13 12:52:32,
nord@invitel.hu,https://www.megyeitudakozoportal.hu/kereses?megye=14-Pest%20megye&start=0&limit=100,2026-01-13 12:52:32,
nordcentrum@gmail.com,https://www.megyeitudakozoportal.hu/kereses?megye=14-Pest%20megye&start=0&limit=100,2026-01-13 12:52:32,
kommunal.szol@gmail.com,https://www.megyeitudakozoportal.hu/kereses?megye=14-Pest%20megye&start=0&limit=100,2026-01-13 12:52:32,
ferenczi.levente@gmail.com,https://www.megyeitudakozoportal.hu/kereses?megye=14-Pest%20megye&start=0&limit=100,2026-01-13 12:52:32,
irtorobi@gmail.com,https://www.megyeitudakozoportal.hu/kereses?megye=14-Pest%20megye&start=0&limit=100,2026-01-13 12:52:32,
info@homokikft.hu,https://www.megyeitudakozoportal.hu/kereses?megye=14-Pest%20megye&start=0&limit=100,2026-01-13 12:52:32,
bodorakku@gmail.com,https://www.megyeitudakozoportal.hu/kereses?megye=14-Pest%20megye&start=0&limit=100,2026-01-13 12:52:32,
corvet@freemail.hu,https://www.megyeitudakozoportal.hu/kereses?megye=14-Pest%20megye&start=0&limit=100,2026-01-13 12:52:32,
kpvasker@gmail.com,https://www.megyeitudakozoportal.hu/kereses?megye=14-Pest%20megye&start=0&limit=100,2026-01-13 12:52:32,
tankowaltertemetkezes@gmail.com,https://www.megyeitudakozoportal.hu/kereses?megye=14-Pest%20megye&start=0&limit=100,2026-01-13 12:52:32,
jakab48margit@gmail.com,https://www.megyeitudakozoportal.hu/kereses?megye=14-Pest%20megye&start=0&limit=100,2026-01-13 12:52:32,
gszi.festo@gmail.com,https://www.megyeitudakozoportal.hu/kereses?megye=14-Pest%20megye&start=0&limit=100,2026-01-13 12:52:32,
unisicponyva@gmail.com,https://www.megyeitudakozoportal.hu/kereses?megye=14-Pest%20megye&start=0&limit=100,2026-01-13 12:52:32,
ronkszallito2018@gmail.com,https://www.megyeitudakozoportal.hu/kereses?megye=14-Pest%20megye&start=0&limit=100,2026-01-13 12:52:32,
info@kelenszerkft.hu,https://www.megyeitudakozoportal.hu/kereses?megye=14-Pest%20megye&start=0&limit=100,2026-01-13 12:52:32,
kelenszerkfthun@gmail.com,https://www.megyeitudakozoportal.hu/kereses?megye=14-Pest%20megye&start=0&limit=100,2026-01-13 12:52:32,
tamas.vilagi78@gmail.com,https://www.megyeitudakozoportal.hu/kereses?megye=14-Pest%20megye&start=0&limit=100,2026-01-13 12:52:32,
illes@vegaskft.hu,https://www.megyeitudakozoportal.hu/kereses?megye=14-Pest%20megye&start=0&limit=100,2026-01-13 12:52:32,
optima@optimaratio.hu,https://www.megyeitudakozoportal.hu/kereses?megye=14-Pest%20megye&start=0&limit=100,2026-01-13 12:52:32,
info@tetofedo-badogos.hu,https://www.megyeitudakozoportal.hu/kereses?megye=14-Pest%20megye&start=0&limit=100,2026-01-13 12:52:32,
kemenydr01@gmail.com,https://www.megyeitudakozoportal.hu/kereses?megye=14-Pest%20megye&start=0&limit=100,2026-01-13 12:52:32,
kisstemetkezeskft@gmail.com,https://www.megyeitudakozoportal.hu/kereses?megye=14-Pest%20megye&start=0&limit=100,2026-01-13 12:52:32,
nagydeak2004@gmail.com,https://www.megyeitudakozoportal.hu/kereses?megye=14-Pest%20megye&start=0&limit=100,2026-01-13 12:52:32,
info@utanfutocentrum.hu,https://www.megyeitudakozoportal.hu/kereses?megye=14-Pest%20megye&start=0&limit=100,2026-01-13 12:52:32,
renatamartin77@gmail.com,https://www.megyeitudakozoportal.hu/kereses?megye=14-Pest%20megye&start=0&limit=100,2026-01-13 12:52:32,
imre.toth@abszter.hu,https://www.megyeitudakozoportal.hu/kereses?megye=14-Pest%20megye&start=0&limit=100,2026-01-13 12:52:32,
torokdugulaselharitas@gmail.com,https://www.megyeitudakozoportal.hu/kereses?megye=14-Pest%20megye&start=0&limit=100,2026-01-13 12:52:32,
mateestsa@gmail.com,https://www.megyeitudakozoportal.hu/kereses?megye=14-Pest%20megye&start=0&limit=100,2026-01-13 12:52:32,
nagypal@nagyingatlan.hu,https://www.megyeitudakozoportal.hu/kereses?megye=14-Pest%20megye&start=0&limit=100,2026-01-13 12:52:32,
vorostolgy.erd@gmail.com,https://www.megyeitudakozoportal.hu/kereses?megye=14-Pest%20megye&start=0&limit=100,2026-01-13 12:52:32,
vorostolgytrade@gmail.com,https://www.megyeitudakozoportal.hu/kereses?megye=14-Pest%20megye&start=0&limit=100,2026-01-13 12:52:32,
erd@fatuzep.hu,https://www.megyeitudakozoportal.hu/kereses?megye=14-Pest%20megye&start=0&limit=100,2026-01-13 12:52:32,
budaors@hetedhetjatszohaz.hu,https://www.megyeitudakozoportal.hu/kereses?megye=14-Pest%20megye&start=0&limit=100,2026-01-13 12:52:32,
huszak.gabor.vac@greenlineclean.eu,https://www.megyeitudakozoportal.hu/kereses?megye=14-Pest%20megye&start=0&limit=100,2026-01-13 12:52:32,
sarimate98@gmail.com,https://www.megyeitudakozoportal.hu/kereses?megye=14-Pest%20megye&start=0&limit=100,2026-01-13 12:52:32,
istvanburger10@gmail.com,https://www.megyeitudakozoportal.hu/kereses?megye=14-Pest%20megye&start=0&limit=100,2026-01-13 12:52:32,
hardworkgeneralkft@gmail.com,https://www.megyeitudakozoportal.hu/kereses?megye=14-Pest%20megye&start=0&limit=100,2026-01-13 12:52:32,
vizesmas@gmail.com,https://www.megyeitudakozoportal.hu/kereses?megye=14-Pest%20megye&start=0&limit=100,2026-01-13 12:52:32,
szuperszinter@gmail.com,https://www.megyeitudakozoportal.hu/kereses?megye=14-Pest%20megye&start=0&limit=100,2026-01-13 12:52:32,
dunaholz@gmail.com,https://www.megyeitudakozoportal.hu/kereses?megye=14-Pest%20megye&start=0&limit=100,2026-01-13 12:52:32,
info@busidoklima.hu,https://www.megyeitudakozoportal.hu/kereses?megye=14-Pest%20megye&start=0&limit=100,2026-01-13 12:52:32,
megrendeles@cooperklima.hu,https://www.megyeitudakozoportal.hu/kereses?megye=14-Pest%20megye&start=0&limit=100,2026-01-13 12:52:32,
iroda@isziprodukt.hu,https://www.megyeitudakozoportal.hu/kereses?megye=14-Pest%20megye&start=0&limit=100,2026-01-13 12:52:32,
napelem@isziprodukt.hu,https://www.megyeitudakozoportal.hu/kereses?megye=14-Pest%20megye&start=0&limit=100,2026-01-13 12:52:32,
horvathdrot@gmail.com,https://www.megyeitudakozoportal.hu/kereses?megye=14-Pest%20megye&start=0&limit=100,2026-01-13 12:52:32,
info@denail.hu,https://www.megyeitudakozoportal.hu/kereses?megye=14-Pest%20megye&start=0&limit=100,2026-01-13 12:52:32,
takacs.karoly@denail.hu,https://www.megyeitudakozoportal.hu/kereses?megye=14-Pest%20megye&start=0&limit=100,2026-01-13 12:52:32,
gardendepot@invitel.hu,https://www.megyeitudakozoportal.hu/kereses?megye=14-Pest%20megye&start=0&limit=100,2026-01-13 12:52:32,
simonfestek@gmail.com,https://www.megyeitudakozoportal.hu/kereses?megye=14-Pest%20megye&start=0&limit=100,2026-01-13 12:52:32,
info@ajtoablak-cegled.hu,https://www.megyeitudakozoportal.hu/kereses?megye=14-Pest%20megye&start=0&limit=100,2026-01-13 12:52:32,
hidastuzep@gmail.com,https://www.megyeitudakozoportal.hu/kereses?megye=14-Pest%20megye&start=0&limit=100,2026-01-13 12:52:32,
nagykarolina@batmobil.hu,https://www.megyeitudakozoportal.hu/kereses?megye=14-Pest%20megye&start=0&limit=100,2026-01-13 12:52:32,
plastiroute@plastiroute-vac.hu,https://www.megyeitudakozoportal.hu/kereses?megye=14-Pest%20megye&start=0&limit=100,2026-01-13 12:52:32,
rendeles@tablagyar.com,https://www.megyeitudakozoportal.hu/kereses?megye=14-Pest%20megye&start=0&limit=100,2026-01-13 12:52:32,
jenovai.zoltan@tablagyar.com,https://www.megyeitudakozoportal.hu/kereses?megye=14-Pest%20megye&start=0&limit=100,2026-01-13 12:52:32,
info@acsszerkezetek.hu,https://www.megyeitudakozoportal.hu/kereses?megye=14-Pest%20megye&start=0&limit=100,2026-01-13 12:52:32,
padargyula75@gmail.hu,https://www.megyeitudakozoportal.hu/kereses?megye=14-Pest%20megye&start=0&limit=100,2026-01-13 12:52:32,
hello@andrassegit.hu,https://www.megyeitudakozoportal.hu/kereses?megye=14-Pest%20megye&start=0&limit=100,2026-01-13 12:52:32,
csernakrobert@gmail.com,https://www.megyeitudakozoportal.hu/kereses?megye=14-Pest%20megye&start=0&limit=100,2026-01-13 12:52:32,
info@attimcom.hu,https://www.megyeitudakozoportal.hu/kereses?megye=14-Pest%20megye&start=0&limit=100,2026-01-13 12:52:32,
ertekesites@attimcom.hu,https://www.megyeitudakozoportal.hu/kereses?megye=14-Pest%20megye&start=0&limit=100,2026-01-13 12:52:32,
info@vitezfa.hu,https://www.megyeitudakozoportal.hu/kereses?megye=14-Pest%20megye&start=100&limit=100,2026-01-13 12:53:00,
info@vitezwoods.com,https://www.megyeitudakozoportal.hu/kereses?megye=14-Pest%20megye&start=100&limit=100,2026-01-13 12:53:00,
redonypartner@gmail.com,https://www.megyeitudakozoportal.hu/kereses?megye=14-Pest%20megye&start=100&limit=100,2026-01-13 12:53:00,
info@qtyaverzum.hu,https://www.megyeitudakozoportal.hu/kereses?megye=14-Pest%20megye&start=100&limit=100,2026-01-13 12:53:00,
etetoanyag@gmail.com,https://www.megyeitudakozoportal.hu/kereses?megye=14-Pest%20megye&start=100&limit=100,2026-01-13 12:53:00,
sari.horgaszbolt@freemail.hu,https://www.megyeitudakozoportal.hu/kereses?megye=14-Pest%20megye&start=100&limit=100,2026-01-13 12:53:00,
tothzoltan2840@gmail.com,https://www.megyeitudakozoportal.hu/kereses?megye=14-Pest%20megye&start=100&limit=100,2026-01-13 12:53:00,
tedina17@freemail.hu,https://www.megyeitudakozoportal.hu/kereses?megye=14-Pest%20megye&start=100&limit=100,2026-01-13 12:53:00,
info@idealsolar.hu,https://www.megyeitudakozoportal.hu/kereses?megye=14-Pest%20megye&start=100&limit=100,2026-01-13 12:53:00,
kroki60@gmail.com,https://www.megyeitudakozoportal.hu/kereses?megye=14-Pest%20megye&start=100&limit=100,2026-01-13 12:53:00,
info@rewian.hu,https://www.megyeitudakozoportal.hu/kereses?megye=14-Pest%20megye&start=100&limit=100,2026-01-13 12:53:00,
angyalko@gmail.hu,https://www.megyeitudakozoportal.hu/kereses?megye=14-Pest%20megye&start=100&limit=100,2026-01-13 12:53:00,
nyilaszaro@lplast.hu,https://www.megyeitudakozoportal.hu/kereses?megye=14-Pest%20megye&start=100&limit=100,2026-01-13 12:53:00,
info@lplast.hu,https://www.megyeitudakozoportal.hu/kereses?megye=14-Pest%20megye&start=100&limit=100,2026-01-13 12:53:00,
big.fishhorgszbolt@gmail.com,https://www.megyeitudakozoportal.hu/kereses?megye=14-Pest%20megye&start=100&limit=100,2026-01-13 12:53:00,
info@pyrocontroll.hu,https://www.megyeitudakozoportal.hu/kereses?megye=14-Pest%20megye&start=100&limit=100,2026-01-13 12:53:00,
novomix@novomix.hu,https://www.megyeitudakozoportal.hu/kereses?megye=14-Pest%20megye&start=100&limit=100,2026-01-13 12:53:00,
info@bardacs.hu,https://www.megyeitudakozoportal.hu/kereses?megye=14-Pest%20megye&start=100&limit=100,2026-01-13 12:53:00,
munka@granivit.hu,https://www.megyeitudakozoportal.hu/kereses?megye=14-Pest%20megye&start=100&limit=100,2026-01-13 12:53:00,
biczojozsef76@gmail.com,https://www.megyeitudakozoportal.hu/kereses?megye=14-Pest%20megye&start=100&limit=100,2026-01-13 12:53:00,
mail@lpgdoktor.hu,https://www.megyeitudakozoportal.hu/kereses?megye=14-Pest%20megye&start=100&limit=100,2026-01-13 12:53:00,
barbihazingatlaniroda@gmail.com,https://www.megyeitudakozoportal.hu/kereses?megye=14-Pest%20megye&start=100&limit=100,2026-01-13 12:53:00,
info@dscloter.hu,https://www.megyeitudakozoportal.hu/kereses?megye=14-Pest%20megye&start=100&limit=100,2026-01-13 12:53:00,
zsoldos.mihaly8@gmail.com,https://www.megyeitudakozoportal.hu/kereses?megye=14-Pest%20megye&start=100&limit=100,2026-01-13 12:53:00,
juhaszne.helga@gmail.com,https://www.megyeitudakozoportal.hu/kereses?megye=14-Pest%20megye&start=100&limit=100,2026-01-13 12:53:00,
juhaszne.krasznai.helga@szeb.fundamenta.hu,https://www.megyeitudakozoportal.hu/kereses?megye=14-Pest%20megye&start=100&limit=100,2026-01-13 12:53:00,
info@kertszabo.hu,https://www.megyeitudakozoportal.hu/kereses?megye=14-Pest%20megye&start=100&limit=100,2026-01-13 12:53:00,
redszervizkft@gmail.com,https://www.megyeitudakozoportal.hu/kereses?megye=14-Pest%20megye&start=100&limit=100,2026-01-13 12:53:00,
moggerauto@gmail.com,https://www.megyeitudakozoportal.hu/kereses?megye=14-Pest%20megye&start=100&limit=100,2026-01-13 12:53:00,
berelevi@gmail.com,https://www.megyeitudakozoportal.hu/kereses?megye=14-Pest%20megye&start=100&limit=100,2026-01-13 12:53:00,
topcarteam@gmail.hu,https://www.megyeitudakozoportal.hu/kereses?megye=14-Pest%20megye&start=100&limit=100,2026-01-13 12:53:00,
lipcseiz14@gmail.com,https://www.megyeitudakozoportal.hu/kereses?megye=14-Pest%20megye&start=100&limit=100,2026-01-13 12:53:00,
gyz@t-online.hu,https://www.megyeitudakozoportal.hu/kereses?megye=14-Pest%20megye&start=100&limit=100,2026-01-13 12:53:00,
info@spindelbau.hu,https://www.megyeitudakozoportal.hu/kereses?megye=14-Pest%20megye&start=100&limit=100,2026-01-13 12:53:00,
info@prcooling.hu,https://www.megyeitudakozoportal.hu/kereses?megye=14-Pest%20megye&start=100&limit=100,2026-01-13 12:53:00,
tebakftmonor@gmail.com,https://www.megyeitudakozoportal.hu/kereses?megye=14-Pest%20megye&start=100&limit=100,2026-01-13 12:53:00,
info@neumetall.hu,https://www.megyeitudakozoportal.hu/kereses?megye=14-Pest%20megye&start=100&limit=100,2026-01-13 12:53:00,
surmankert@gmail.com,https://www.megyeitudakozoportal.hu/kereses?megye=14-Pest%20megye&start=100&limit=100,2026-01-13 12:53:00,
iroda@nanoelectric.eu,https://www.megyeitudakozoportal.hu/kereses?megye=14-Pest%20megye&start=100&limit=100,2026-01-13 12:53:00,
gyartas@nanoelectric.eu,https://www.megyeitudakozoportal.hu/kereses?megye=14-Pest%20megye&start=100&limit=100,2026-01-13 12:53:00,
adam.v.ltd@gmail.com,https://www.megyeitudakozoportal.hu/kereses?megye=14-Pest%20megye&start=100&limit=100,2026-01-13 12:53:00,
info@vill-tel.hu,https://www.megyeitudakozoportal.hu/kereses?megye=14-Pest%20megye&start=100&limit=100,2026-01-13 12:53:00,
vill.hajduk@gmail.com,https://www.megyeitudakozoportal.hu/kereses?megye=14-Pest%20megye&start=100&limit=100,2026-01-13 12:53:00,
bauferr2000@gmail.com,https://www.megyeitudakozoportal.hu/kereses?megye=14-Pest%20megye&start=100&limit=100,2026-01-13 12:53:00,
biomarket@biomarketkft.hu,https://www.megyeitudakozoportal.hu/kereses?megye=14-Pest%20megye&start=100&limit=100,2026-01-13 12:53:00,
westherm@t-online.hu,https://www.megyeitudakozoportal.hu/kereses?megye=14-Pest%20megye&start=100&limit=100,2026-01-13 12:53:00,
lakasfelszerelesek@gmail.com,https://www.megyeitudakozoportal.hu/kereses?megye=14-Pest%20megye&start=100&limit=100,2026-01-13 12:53:00,
vezuv.kalmar@gmail.com,https://www.megyeitudakozoportal.hu/kereses?megye=14-Pest%20megye&start=100&limit=100,2026-01-13 12:53:00,
meistertranskft@gmail.com,https://www.megyeitudakozoportal.hu/kereses?megye=14-Pest%20megye&start=100&limit=100,2026-01-13 12:53:00,
sandor.bruck@t-online.hu,https://www.megyeitudakozoportal.hu/kereses?megye=14-Pest%20megye&start=100&limit=100,2026-01-13 12:53:00,
totalcarfot@gmail.com,https://www.megyeitudakozoportal.hu/kereses?megye=14-Pest%20megye&start=100&limit=100,2026-01-13 12:53:00,
budapestcityhome@oh.hu,https://www.megyeitudakozoportal.hu/kereses?megye=14-Pest%20megye&start=100&limit=100,2026-01-13 12:53:00,
hajnalka.szalai@oh.hu,https://www.megyeitudakozoportal.hu/kereses?megye=14-Pest%20megye&start=100&limit=100,2026-01-13 12:53:00,
kavegeppiac@gmail.com,https://www.megyeitudakozoportal.hu/kereses?megye=14-Pest%20megye&start=100&limit=100,2026-01-13 12:53:00,
aj@adamcsikingatlan.hu,https://www.megyeitudakozoportal.hu/kereses?megye=14-Pest%20megye&start=100&limit=100,2026-01-13 12:53:00,
budahouseoriginal@gmail.com,https://www.megyeitudakozoportal.hu/kereses?megye=14-Pest%20megye&start=100&limit=100,2026-01-13 12:53:00,
magocsiestarsabt@freemail.hu,https://www.megyeitudakozoportal.hu/kereses?megye=14-Pest%20megye&start=100&limit=100,2026-01-13 12:53:00,
torokelectrickft@gmail.com,https://www.megyeitudakozoportal.hu/kereses?megye=14-Pest%20megye&start=100&limit=100,2026-01-13 12:53:00,
futofoliaservice@gmail.com,https://www.megyeitudakozoportal.hu/kereses?megye=14-Pest%20megye&start=100&limit=100,2026-01-13 12:53:00,
ohpartnerleszek@oh.hu,https://www.megyeitudakozoportal.hu/kereses?megye=14-Pest%20megye&start=100&limit=100,2026-01-13 12:53:00,
magyartuzep@gmail.com,https://www.megyeitudakozoportal.hu/kereses?megye=14-Pest%20megye&start=100&limit=100,2026-01-13 12:53:00,
ilonamatemihuczane@citromail.hu,https://www.megyeitudakozoportal.hu/kereses?megye=14-Pest%20megye&start=100&limit=100,2026-01-13 12:53:00,
szilvia7219@gmail.com,https://www.megyeitudakozoportal.hu/kereses?megye=14-Pest%20megye&start=100&limit=100,2026-01-13 12:53:00,
bleroablakcegled@gmail.com,https://www.megyeitudakozoportal.hu/kereses?megye=14-Pest%20megye&start=100&limit=100,2026-01-13 12:53:00,
cuki@gyongyikecukraszmuhelye.hu,https://www.megyeitudakozoportal.hu/kereses?megye=14-Pest%20megye&start=100&limit=100,2026-01-13 12:53:00,
info@vtelektronik.hu,https://www.megyeitudakozoportal.hu/kereses?megye=14-Pest%20megye&start=100&limit=100,2026-01-13 12:53:00,
rendeles@vtelektronik.hu,https://www.megyeitudakozoportal.hu/kereses?megye=14-Pest%20megye&start=100&limit=100,2026-01-13 12:53:00,
hockh@t-online.hu,https://www.megyeitudakozoportal.hu/kereses?megye=14-Pest%20megye&start=100&limit=100,2026-01-13 12:53:00,
ertekesites@drongo.hu,https://www.megyeitudakozoportal.hu/kereses?megye=14-Pest%20megye&start=100&limit=100,2026-01-13 12:53:00,
info@borpus.hu,https://www.megyeitudakozoportal.hu/kereses?megye=14-Pest%20megye&start=100&limit=100,2026-01-13 12:53:00,
info@pelletexpert.hu,https://www.megyeitudakozoportal.hu/kereses?megye=14-Pest%20megye&start=100&limit=100,2026-01-13 12:53:00,
budaorsikarpitos@gmail.com,https://www.megyeitudakozoportal.hu/kereses?megye=14-Pest%20megye&start=100&limit=100,2026-01-13 12:53:00,
info@notebookdrsziget.hu,https://www.megyeitudakozoportal.hu/kereses?megye=14-Pest%20megye&start=100&limit=100,2026-01-13 12:53:00,
notebookdrsziget@gmail.com,https://www.megyeitudakozoportal.hu/kereses?megye=14-Pest%20megye&start=100&limit=100,2026-01-13 12:53:00,
demebauhungary@gmail.com,https://www.megyeitudakozoportal.hu/kereses?megye=14-Pest%20megye&start=100&limit=100,2026-01-13 12:53:00,
tozobaukft@gmail.com,https://www.megyeitudakozoportal.hu/kereses?megye=14-Pest%20megye&start=100&limit=100,2026-01-13 12:53:00,
allincoolkft@gmail.com,https://www.megyeitudakozoportal.hu/kereses?megye=14-Pest%20megye&start=100&limit=100,2026-01-13 12:53:00,
jpapp@hatasfokhungaria.hu,https://www.megyeitudakozoportal.hu/kereses?megye=14-Pest%20megye&start=100&limit=100,2026-01-13 12:53:00,
tokeistvan67@gmail.com,https://www.megyeitudakozoportal.hu/kereses?megye=14-Pest%20megye&start=100&limit=100,2026-01-13 12:53:00,
karpatidr@t-online.hu,https://www.megyeitudakozoportal.hu/kereses?megye=14-Pest%20megye&start=100&limit=100,2026-01-13 12:53:00,
nomifer8@gmail.com,https://www.megyeitudakozoportal.hu/kereses?megye=14-Pest%20megye&start=100&limit=100,2026-01-13 12:53:00,
erdiauto@gmail.com,https://www.megyeitudakozoportal.hu/kereses?megye=14-Pest%20megye&start=100&limit=100,2026-01-13 12:53:00,
fule.bence@kpmkft.hu,https://www.megyeitudakozoportal.hu/kereses?megye=14-Pest%20megye&start=100&limit=100,2026-01-13 12:53:00,
major.peter@kpmkft.hu,https://www.megyeitudakozoportal.hu/kereses?megye=14-Pest%20megye&start=100&limit=100,2026-01-13 12:53:00,
thermoklima.bau@gmail.com,https://www.megyeitudakozoportal.hu/kereses?megye=14-Pest%20megye&start=100&limit=100,2026-01-13 12:53:00,
f.szaksz@gmail.com,https://www.megyeitudakozoportal.hu/kereses?megye=14-Pest%20megye&start=100&limit=100,2026-01-13 12:53:00,
andrasik2001kft@andrasik2001.hu,https://www.megyeitudakozoportal.hu/kereses?megye=14-Pest%20megye&start=100&limit=100,2026-01-13 12:53:00,
ildimiki111@gmail.com,https://www.megyeitudakozoportal.hu/kereses?megye=14-Pest%20megye&start=100&limit=100,2026-01-13 12:53:00,
info@vitiveto.hu,https://www.megyeitudakozoportal.hu/kereses?megye=14-Pest%20megye&start=100&limit=100,2026-01-13 12:53:01,
szentivanszky.simon.jozsef@gmail.com,https://www.megyeitudakozoportal.hu/kereses?megye=14-Pest%20megye&start=100&limit=100,2026-01-13 12:53:01,
papirboltfot@gmail.com,https://www.megyeitudakozoportal.hu/kereses?megye=14-Pest%20megye&start=100&limit=100,2026-01-13 12:53:01,
baroti.gabor66004@gmail.com,https://www.megyeitudakozoportal.hu/kereses?megye=14-Pest%20megye&start=100&limit=100,2026-01-13 12:53:01,
rkautoszerviz@gmail.com,https://www.megyeitudakozoportal.hu/kereses?megye=14-Pest%20megye&start=100&limit=100,2026-01-13 12:53:01,
svegerfem@gmail.com,https://www.megyeitudakozoportal.hu/kereses?megye=14-Pest%20megye&start=100&limit=100,2026-01-13 12:53:01,
ehalo@auto-tolto.hu,https://www.megyeitudakozoportal.hu/kereses?megye=14-Pest%20megye&start=100&limit=100,2026-01-13 12:53:01,
szekszoknya.net@gmail.com,https://www.megyeitudakozoportal.hu/kereses?megye=14-Pest%20megye&start=100&limit=100,2026-01-13 12:53:01,
kazigumi@gmail.com,https://www.megyeitudakozoportal.hu/kereses?megye=14-Pest%20megye&start=100&limit=100,2026-01-13 12:53:01,
jozsef.marko1@gmail.com,https://www.megyeitudakozoportal.hu/kereses?megye=14-Pest%20megye&start=100&limit=100,2026-01-13 12:53:01,
ribarszkijf@gmail.com,https://www.megyeitudakozoportal.hu/kereses?megye=14-Pest%20megye&start=100&limit=100,2026-01-13 12:53:01,
info@kornyeke.hu,https://vac.kornyeke.hu/ettermek,2026-01-13 15:05:50,
remetevac@gmail.com,https://www.etteremvac.hu/,2026-01-13 15:05:51,
orders@pizza.con,https://pampalinipizzeria.hu/,2026-01-13 15:05:52,
pampalinirendeles@gmail.com,https://pampalinipizzeria.hu/,2026-01-13 15:05:52,
royaletteremvac@gmail.com,https://royaletteremvac.hu/,2026-01-13 15:05:52,
camelot.boribernadett@gmail.com,https://www.ilovedunakanyar.hu/hir/vac-etterem-kinalata-71-etterem-vacon/,2026-01-13 15:05:52,
camelot.birobernadett@gmail.com,https://www.ilovedunakanyar.hu/hir/vac-etterem-kinalata-71-etterem-vacon/,2026-01-13 15:05:52,
hello@lujzaeskoriander.hu,https://www.ilovedunakanyar.hu/hir/vac-etterem-kinalata-71-etterem-vacon/,2026-01-13 15:05:52,
info@ilovedunakanyar.hu,https://www.ilovedunakanyar.hu/hir/vac-etterem-kinalata-71-etterem-vacon/,2026-01-13 15:05:52,
foodhunterkft@gmail.com,http://www.foodandcafe.hu/v188/index.php,2026-01-13 17:30:18,Direkt URL / Ismeretlen
v188irodahazetlap@gmail.com,http://www.foodandcafe.hu/v188/index.php,2026-01-13 17:30:18,Direkt URL / Ismeretlen
dudleyfrank@ndtont.nl,https://www.csocsajgrill.hu/,2026-01-13 17:30:20,Direkt URL / Ismeretlen
faloda@t-online.hu,https://falodavaci33.hu/,2026-01-13 17:30:20,Direkt URL / Ismeretlen
info@piccadillypizzeria.hu,https://www.foodora.hu/restaurant/jszj/piccadilly-pizzeria,2026-01-13 17:30:48,Direkt URL / Ismeretlen
help@sgroup.com,https://www.foodora.hu/restaurant/jszj/piccadilly-pizzeria,2026-01-13 17:30:48,Direkt URL / Ismeretlen
support@foodora.no,https://www.foodora.hu/restaurant/jszj/piccadilly-pizzeria,2026-01-13 17:30:48,Direkt URL / Ismeretlen
u002fca2d06327f0c409ca5b6c2c25b10a1bd@o516780.ingest.sentry.io,https://www.foodora.hu/restaurant/jszj/piccadilly-pizzeria,2026-01-13 17:30:48,Direkt URL / Ismeretlen
support@foodpanda.hu,https://www.foodora.hu/restaurant/jszj/piccadilly-pizzeria,2026-01-13 17:30:48,Direkt URL / Ismeretlen
enyem@email.hu,https://www.pizza-etterem.hu/pizzeria/kakukk-pizza-vac,2026-01-13 17:30:48,Direkt URL / Ismeretlen
feher.zebra81@gmail.com,https://www.foodora.hu/restaurant/lzbg/pampalini-etterem-es-pizzeria,2026-01-13 17:30:49,Direkt URL / Ismeretlen
adammaroki@gmail.com,https://pampalinipizzeria.hu/impresszum/,2026-01-13 17:31:03,Direkt URL / Ismeretlen
info@tdm.vac.hu,https://visitvac.hu/top-10-2/,2026-01-13 17:31:20,Direkt URL / Ismeretlen
ytandroid-support@google.com,https://play.google.com/store/apps/details?id=com.google.android.youtube&hl=en,2026-01-13 17:31:21,Direkt URL / Ismeretlen
support@google.com,https://play.google.com/store/apps/details?id=com.google.android.youtube&hl=en,2026-01-13 17:31:21,Direkt URL / Ismeretlen
info@dunakanyar.hu,https://www.vac.hu/?page=home,2026-01-13 17:31:21,Direkt URL / Ismeretlen
szerkesztoseg@vaconline.hu,https://www.vaconline.hu/,2026-01-13 17:31:21,Direkt URL / Ismeretlen
nkaprinyak@gmail.com,https://csodahelyek.hu/2021/07/02/vac-latnivalok/,2026-01-13 17:31:21,Direkt URL / Ismeretlen
eea-support@google.com,https://apps.apple.com/de/app/youtube/id544007664,2026-01-13 17:31:22,Direkt URL / Ismeretlen
neea-support@google.com,https://apps.apple.com/de/app/youtube/id544007664,2026-01-13 17:31:22,Direkt URL / Ismeretlen
contact@jointhesorority.com,https://apps.apple.com/de/app/youtube/id544007664,2026-01-13 17:31:22,Direkt URL / Ismeretlen
capcut.support@bytedance.com,https://apps.apple.com/de/app/youtube/id544007664,2026-01-13 17:31:22,Direkt URL / Ismeretlen
hello@hinge.co,https://apps.apple.com/de/app/youtube/id544007664,2026-01-13 17:31:22,Direkt URL / Ismeretlen
devkrushna.technology@gmail.com,https://apps.apple.com/de/app/youtube/id544007664,2026-01-13 17:31:22,Direkt URL / Ismeretlen
suportedigital@europanet.com.br,https://apps.apple.com/de/app/youtube/id544007664,2026-01-13 17:31:22,Direkt URL / Ismeretlen
contact@mediaradiance.com,https://apps.apple.com/de/app/youtube/id544007664,2026-01-13 17:31:22,Direkt URL / Ismeretlen
enquiries@walliapp.com,https://apps.apple.com/de/app/youtube/id544007664,2026-01-13 17:31:22,Direkt URL / Ismeretlen
kapcsolat@retrokifozde.hu,https://retrokifozde.hu/retro-kifozde,2026-01-13 17:31:42,Direkt URL / Ismeretlen
info@sorikifozde.hu,https://www.sorikifozde.hu/hetimenu.html,2026-01-13 17:31:42,Direkt URL / Ismeretlen
your@domain.com,https://apoltauto.hu/dunakanyar-autocentrum-kft,2026-01-13 17:32:05,Direkt URL / Ismeretlen
info@lallercar.hu,https://www.lallercar.hu/,2026-01-13 17:32:05,Direkt URL / Ismeretlen
atimail75@gmail.com,https://www.szerviztuning.hu/vac-autoszerviz-chiptuning-autovillamossag-autoklima-dpf-reszecskeszuro,2026-01-13 17:32:06,Direkt URL / Ismeretlen
ertekesites@tamasauto.hu,https://tamasauto.dacia.hu/rolunk/elerhetosegeink/,2026-01-13 17:32:13,Direkt URL / Ismeretlen
alkatresz@tamasauto.hu,https://tamasauto.dacia.hu/rolunk/elerhetosegeink/,2026-01-13 17:32:13,Direkt URL / Ismeretlen
szervizbejelentes@tamasauto.hu,https://tamasauto.dacia.hu/rolunk/elerhetosegeink/,2026-01-13 17:32:13,Direkt URL / Ismeretlen
vbt-e+i9ugdlhhfa2sxv4klp5fapmx0o_ondykqjsjetz71cw@qrngwb.muyr,https://tamasauto.dacia.hu/rolunk/elerhetosegeink/,2026-01-13 17:32:13,Direkt URL / Ismeretlen
info@vaciszerviz.hu,https://vaciszerviz.hu/autoszerviz/,2026-01-13 17:32:13,Direkt URL / Ismeretlen
info@programturizmus.hu,https://www.programturizmus.hu/telepules-god.html,2026-01-13 17:36:39,Direkt URL / Ismeretlen
varoshaza@god.hu,https://god.hu/,2026-01-13 17:36:39,Direkt URL / Ismeretlen
info@gazdabolt.hu,https://www.gazdabolt.hu/,2026-01-13 18:07:49,gazdabolt Vác
visszaigazolas@gazdabolt.hu,https://www.gazdabolt.hu/,2026-01-13 18:07:49,gazdabolt Vác
geraldine@auguszt.hu,https://auguszt.hu/,2026-01-13 18:08:14,cukrászda Vác
belvaros@auguszt.hu,https://auguszt.hu/,2026-01-13 18:08:14,cukrászda Vác
pavilon@auguszt.hu,https://auguszt.hu/,2026-01-13 18:08:14,cukrászda Vác
auguszt@t-online.hu,https://auguszt.hu/,2026-01-13 18:08:14,cukrászda Vác
info@meszaroscukraszda.hu,https://www.programturizmus.hu/partner-meszaros-cukraszda-szombathely.html,2026-01-13 18:08:15,cukrászda Vác
szombathely@tourinform.hu,https://www.programturizmus.hu/partner-meszaros-cukraszda-szombathely.html,2026-01-13 18:08:15,cukrászda Vác
obs@gothard.hu,https://www.programturizmus.hu/partner-meszaros-cukraszda-szombathely.html,2026-01-13 18:08:15,cukrászda Vác
iseumsavariense@gmail.com,https://www.programturizmus.hu/partner-meszaros-cukraszda-szombathely.html,2026-01-13 18:08:15,cukrászda Vác
info@kamoniarboretum.hu,https://www.programturizmus.hu/partner-meszaros-cukraszda-szombathely.html,2026-01-13 18:08:15,cukrászda Vác
nemethg@erti.hu,https://www.programturizmus.hu/partner-meszaros-cukraszda-szombathely.html,2026-01-13 18:08:15,cukrászda Vác
nemeth.gabor.peter@uni-sopron.hu,https://www.programturizmus.hu/partner-meszaros-cukraszda-szombathely.html,2026-01-13 18:08:15,cukrászda Vác
titkarsag@szherdeszet.hu,https://www.programturizmus.hu/partner-meszaros-cukraszda-szombathely.html,2026-01-13 18:08:15,cukrászda Vác
info@savariamuseum.hu,https://www.programturizmus.hu/partner-meszaros-cukraszda-szombathely.html,2026-01-13 18:08:15,cukrászda Vác
smidt@savariamuseum.hu,https://www.programturizmus.hu/partner-meszaros-cukraszda-szombathely.html,2026-01-13 18:08:15,cukrászda Vác
martinus.savaria@gmail.com,https://www.programturizmus.hu/partner-meszaros-cukraszda-szombathely.html,2026-01-13 18:08:15,cukrászda Vác
rendeles.becsikavehaz@gmail.com,https://www.becsikh.hu/,2026-01-13 18:08:15,cukrászda Vác
parfe@printerfair.hu,https://emilcukraszda.hu/,2026-01-13 18:08:15,cukrászda Vác
office@mihalyipatisserie.com,https://mihalyipatisserie.com/,2026-01-13 18:08:16,cukrászda Vác
hello@buzakovasz.hu,https://www.buzakovasz.hu/,2026-01-13 18:08:28,pékség Vác
user@domain.com,https://www.buzakovasz.hu/,2026-01-13 18:08:28,pékség Vác
keletikarolyutca@buzakovasz.hu,https://www.buzakovasz.hu/,2026-01-13 18:08:28,pékség Vác
csaloganyutca@buzakovasz.hu,https://www.buzakovasz.hu/,2026-01-13 18:08:28,pékség Vác
hidegkutiut@buzakovasz.hu,https://www.buzakovasz.hu/,2026-01-13 18:08:28,pékség Vác
fodorutca@buzakovasz.hu,https://www.buzakovasz.hu/,2026-01-13 18:08:28,pékség Vác
petofiutca@buzakovasz.hu,https://www.buzakovasz.hu/,2026-01-13 18:08:28,pékség Vác
karpatutca@buzakovasz.hu,https://www.buzakovasz.hu/,2026-01-13 18:08:28,pékség Vác
karikasfrigyesutca@buzakovasz.hu,https://www.buzakovasz.hu/,2026-01-13 18:08:28,pékség Vác
petnehazykoz@buzakovasz.hu,https://www.buzakovasz.hu/,2026-01-13 18:08:28,pékség Vác
mogyorodiut@buzakovasz.hu,https://www.buzakovasz.hu/,2026-01-13 18:08:28,pékség Vác
buzakovaszmogyorodi@gmail.com,https://www.buzakovasz.hu/,2026-01-13 18:08:28,pékség Vác
bosnyakutca@buzakovasz.hu,https://www.buzakovasz.hu/,2026-01-13 18:08:28,pékség Vác
koverlajosutca@buzakovasz.hu,https://www.buzakovasz.hu/,2026-01-13 18:08:28,pékség Vác
borsoutca@buzakovasz.hu,https://www.buzakovasz.hu/,2026-01-13 18:08:28,pékség Vác
karrier@buzakovasz.hu,https://www.buzakovasz.hu/,2026-01-13 18:08:28,pékség Vác
sales@streetkitchen.hu,https://streetkitchen.hu/cikkek/budapesti-peksegek-kenyer-pekaru,2026-01-13 18:08:29,pékség Vác
hello@streetkitchen.hu,https://streetkitchen.hu/cikkek/budapesti-peksegek-kenyer-pekaru,2026-01-13 18:08:29,pékség Vác
streetkitchen@streetkitchen.hu,https://streetkitchen.hu/cikkek/budapesti-peksegek-kenyer-pekaru,2026-01-13 18:08:29,pékség Vác
info@kezmuvesvargapekseg.hu,https://kezmuvesvargapekseg.hu/,2026-01-13 18:08:31,pékség Vác
info@hajas.hu,https://www.hajas.hu/,2026-01-13 18:08:36,fodrász Vác
palfidora1@gmail.com,https://www.palfidori.hu/,2026-01-13 18:08:36,fodrász Vác
605a7baede844d278b89dc95ae0a9123@sentry-next.wixpress.com,https://www.palfidori.hu/,2026-01-13 18:08:36,fodrász Vác
8eb368c655b84e029ed79ad7a5c1718e@sentry.wixpress.com,https://www.palfidori.hu/,2026-01-13 18:08:36,fodrász Vác
titkarsag@vaciszc.hu,https://vszc.hu/kepzesek/technikum-szakkepzo/fodrasz,2026-01-13 18:08:36,fodrász Vác
gianmarco@arcosalon.hu,https://arcosalon.hu/,2026-01-13 18:08:36,fodrász Vác
salon@a-list.hu,https://www.a-list.hu/index.php/hu/fodraszat,2026-01-13 18:08:37,fodrász Vác
info@whitehair.hu,https://whitehair.hu/,2026-01-13 18:08:37,fodrász Vác
pelda@pelda.hu,https://whitehair.hu/,2026-01-13 18:08:37,fodrász Vác
hello@pqrs.hu,https://xn--fodrsz-sta.hu/,2026-01-13 18:08:37,fodrász Vác
ugyfelszolgalat@kozelben.hu,https://kozelben.hu/ceg/fodraszat-foldvari-ter-4-5-2600-vac-24993,2026-01-13 18:08:37,fodrász Vác
info@autopatkai.hu,https://www.autopatkai.hu/autoszerviz-cikkek/milyen-fontos-szempontokat-vegyunk-figyelembe-autoszerviz-kereses-soran/,2026-01-13 18:08:46,autószerviz Vác
autoszalon@zsautocentrum.hu,https://aranyoldalak.hu/mitsubishi-autoszerviz4/vac/,2026-01-13 18:08:47,autószerviz Vác
info@kamiondoktor.hu,https://aranyoldalak.hu/mitsubishi-autoszerviz4/vac/,2026-01-13 18:08:47,autószerviz Vác
muhely@szabogk.hu,https://aranyoldalak.hu/bosch-autoszerviz1/vac/,2026-01-13 18:08:51,autószerviz Vác
support@kick.com,https://play.google.com/store/apps/details?id=com.kick.mobile&hl=ar,2026-01-13 18:09:33,autómosó Vác
admin@kick.com,https://play.google.com/store/apps/details?id=com.kick.mobile&hl=ar,2026-01-13 18:09:33,autómosó Vác
your@email.com,https://windowsreport.com/sysdm-cpl/,2026-01-13 18:09:44,barkácsbolt Vác
example@email.com,https://spin-the-wheel.net/,2026-01-13 18:09:45,barkácsbolt Vác
tikfollowers@gmail.com,https://spinthewheel.cc/de,2026-01-13 18:09:45,barkácsbolt Vác
b2b-hu@jysk.com,https://jysk.hu/,2026-01-13 18:09:52,bútor Vác
rsinfo@rs.hu,https://www.rs.hu/,2026-01-13 18:09:52,bútor Vác
allas@rs.hu,https://www.rs.hu/,2026-01-13 18:09:52,bútor Vác
info@zondo.hu,https://www.zondo.hu/,2026-01-13 18:09:53,bútor Vác
info@novynabytok.sk,https://www.zondo.hu/,2026-01-13 18:09:53,bútor Vác
info@mindigbutor.hu,https://mindigbutor.hu/,2026-01-13 18:09:53,bútor Vác
info@megfizethetobutor.hu,https://megfizethetobutor.hu/,2026-01-13 18:09:54,bútor Vác
redaktion@netzwelt.de,https://www.netzwelt.de/tv-sender/rossija-rtr.html,2026-01-13 18:09:58,bútoráruház Vác
mail@rutuner.ru,http://rutuner.ru/watch/planeta-rtr,2026-01-13 18:09:59,bútoráruház Vác
info@dunamobel.hu,http://dunamobel.hu/,2026-01-13 18:10:01,bútoráruház Vác
fokusz-92@fokusz-92.hu,https://www.fokusz-92.hu/,2026-01-13 18:11:11,elektromos Vác
priklad@priklad.com,https://www.tiktok.com/cs-CZ,2026-01-13 18:11:17,elektromos Vác
example@example.com,https://www.tiktok.com/explore,2026-01-13 18:11:23,elektromos Vác
henkelvietnam@henkel.com,https://www.henkel-adhesives.com/vn/vi/cap-nhat/toan-bo-cap-nhat/videos/henkel-vietnam.html,2026-01-13 18:11:49,háztartási gép Vác
support@sofatutor.com,https://www.sofatutor.com/sachunterricht/videos/experimente-zum-thema-luft,2026-01-13 18:11:57,ruhabolt Vác
info@kalimah-center.com,https://kalimah-center.com/arabic-letter-seen/,2026-01-13 18:12:06,sportbolt Vác
35022bb7bb434840870645628a6b97d3@sentry.big.hu,https://www.libri.hu/,2026-01-13 18:12:31,könyvesbolt Vác
lyra@lyravac.hu,http://www.lyravac.hu/index.php,2026-01-13 18:12:31,könyvesbolt Vác
info@alomgyar.hu,https://pdfkonyvek.com/alomgyar-konyvesbolt-vac-konyvesbolt-vac-2600/,2026-01-13 18:12:32,könyvesbolt Vác
mammut@libri.hu,https://www.libri.hu/boltok/,2026-01-13 18:12:35,könyvesbolt Vác
ugyfelszolgalat@onlinepapirbolt.hu,https://onlinepapirbolt.hu/,2026-01-13 18:12:47,papírbolt Vác
ugyfelszolgalt@onlinepapirbolt.hu,https://onlinepapirbolt.hu/,2026-01-13 18:12:47,papírbolt Vác
kontakt@pbspolska.eu,https://onlinepapirbolt.hu/spd/D758612/DONAU-Ontapado-jegyzettomb-76x76-mm-100-lap-DONAU,2026-01-13 18:12:53,papírbolt Vác
markikontakt@pbspolska.eu,https://onlinepapirbolt.hu/spd/D758612/DONAU-Ontapado-jegyzettomb-76x76-mm-100-lap-DONAU,2026-01-13 18:12:53,papírbolt Vác
u2026@skynet.be,https://fr.forum.proximus.be/myproximus-app-site-43/acces-email-skynet-53371,2026-01-13 18:13:13,állateledel Vác
fb021444@skynet.be,https://fr.forum.proximus.be/internet-10/probleme-skynet-mails-entrant-et-sortant-68274,2026-01-13 18:13:14,állateledel Vác
lucdelmartino@skynet.be,https://fr.forum.proximus.be/internet-10/probleme-skynet-mails-entrant-et-sortant-68274,2026-01-13 18:13:14,állateledel Vác
number@skynet.be,https://fr.forum.proximus.be/myproximus-app-site-43/mot-de-passe-skynet-50518,2026-01-13 18:13:16,állateledel Vác
ere@skynet.besi,https://fr.forum.proximus.be/myproximus-app-site-43/boite-mail-atskynet-bloquee-69655,2026-01-13 18:13:18,állateledel Vác
u2026.@skynet.be.que,https://fr.forum.proximus.be/myproximus-app-site-43/boite-mail-atskynet-bloquee-69655,2026-01-13 18:13:18,állateledel Vác
u00a0@didier.demaret,https://fr.forum.proximus.be/myproximus-app-site-43/boite-mail-atskynet-bloquee-69655,2026-01-13 18:13:18,állateledel Vác
ere@skynet.be,https://fr.forum.proximus.be/myproximus-app-site-43/boite-mail-atskynet-bloquee-69655,2026-01-13 18:13:18,állateledel Vác
u2026.@skynet.be,https://fr.forum.proximus.be/myproximus-app-site-43/boite-mail-atskynet-bloquee-69655,2026-01-13 18:13:18,állateledel Vác
.@skynet.be,https://fr.forum.proximus.be/myproximus-app-site-43/boite-mail-atskynet-bloquee-69655,2026-01-13 18:13:18,állateledel Vác
gg...5@21cn.com,https://zhidao.baidu.com/question/1805309442942762787.html,2026-01-13 18:13:23,állateledel Vác
site-support@howstuffworks.com,https://play.howstuffworks.com/quiz/lebron-james-quiz,2026-01-13 18:13:33,biztosító Vác
thememeco@gmail.com,https://clutchpoints.com/quizzes/5/the-ultimate-lebron-james-quiz,2026-01-13 18:13:36,biztosító Vác
online@unicreditgroup.si,https://www.unicreditbank.si/si/prebivalstvo/digitalno-bancnistvo/online-banka.html,2026-01-13 18:13:41,bank Vác
info@intesasanpaolobank.si,https://www.intesasanpaolobank.si/,2026-01-13 18:13:41,bank Vác
info@otpbanka.si,https://www.otpbanka.si/bankanet,2026-01-13 18:13:42,bank Vác
info@bank360.hu,https://bank360.hu/unicredit-bank/vac-szent-istvan-ter-4,2026-01-13 18:13:42,bank Vác
info@unicreditgroup.hu,https://bank360.hu/unicredit-bank/vac-szent-istvan-ter-4,2026-01-13 18:13:42,bank Vác
joeytrib@gmail.com,https://support.google.com/mail/answer/8494?hl=it-IT&co=GENIE.Platform=Desktop,2026-01-13 18:13:55,posta Vác
asxvmprobertest@gmail.com,https://support.google.com/mail/answer/8494?hl=it-IT&co=GENIE.Platform=Desktop,2026-01-13 18:13:55,posta Vác
smart.journey.prober@gmail.com,https://support.google.com/mail/answer/8494?hl=it-IT&co=GENIE.Platform=Desktop,2026-01-13 18:13:55,posta Vác
example@gmail.com,https://support.google.com/accounts/answer/27441?hl=tr&co=GENIE.Platform=Desktop,2026-01-13 18:13:56,posta Vác
examp1e@gmail.com,https://support.google.com/accounts/answer/27441?hl=tr&co=GENIE.Platform=Desktop,2026-01-13 18:13:56,posta Vác
noreply@google.com,https://support.google.com/mail/answer/41078?hl=tr&co=GENIE.Platform=Desktop,2026-01-13 18:13:58,posta Vác
iroda@bergerkonyvelo.hu,https://www.bergerkonyvelo.hu/,2026-01-13 18:14:09,könyvelő Vác
info@bergerkonyvelo.hu,https://www.bergerkonyvelo.hu/,2026-01-13 18:14:09,könyvelő Vác
info@auditpont.hu,https://www.auditpont.hu/,2026-01-13 18:14:10,könyvelő Vác
kapcsolat@advantor.hu,https://www.advantor.hu/,2026-01-13 18:14:12,könyvelő Vác
pcms@loginpage.fm,https://meinaccount.gmx.net/?login=1,2026-01-13 18:14:15,ingatlaniroda Vác
325506e3332d487999567a7bc91d151d@bug-reporting-xalgha6.m-w.com,https://www.merriam-webster.com/dictionary/repurpose,2026-01-13 18:14:15,ingatlaniroda Vác
publication@ard.de,https://www.sportschau.de/streams,2026-01-13 18:14:21,utazási iroda Vác
hinweis@news.de,https://www.news.de/tv-aktuell/855726865/sportschau-verpasst-wiederholung-online-in-der-ard-mediathek-und-auf-joyn-ard-sendung-vom-11-1-2026-in-mediathek-nachschauen/1/,2026-01-13 18:14:22,utazási iroda Vác
prenom.nom@exemple.fr,https://www.impots.gouv.fr/professionnel/questions/comment-consulter-mes-declarations-etou-mes-paiements-en-ligne,2026-01-13 18:14:28,szálloda Vác
info@rendelesi-ido.hu,https://www.rendelesi-ido.hu/clinics/5745/Fogorvosi-rendel%C5%91-V%C3%A1c-De%C3%A1kv%C3%A1ri-f%C3%B4t%C3%A9r-29,2026-01-13 18:15:00,fogorvos Vác
info@orvosajanlo.hu,https://orvosajanlo.hu/maganrendeles/fogaszat,2026-01-13 18:15:00,fogorvos Vác
office@foglaljorvost.hu,https://foglaljorvost.hu/fogaszati-centrum-vac/,2026-01-13 18:15:00,fogorvos Vác
dentalvac@freemail.hu,http://www.oszc.hu/index.php?r=cegek/view&id=107,2026-01-13 18:15:01,fogorvos Vác
info@easyoptic.cz,https://www.easyoptic.cz/cs/optika-praha,2026-01-13 18:15:11,optika Vác
info@optika-praha.cz,https://www.optika-praha.cz/,2026-01-13 18:15:12,optika Vác
jan.novak@gmail.com,https://fokusoptik.cz/,2026-01-13 18:15:12,optika Vác
info@fokusoptik.cz,https://fokusoptik.cz/,2026-01-13 18:15:12,optika Vác
info@optikamaja.cz,https://optikamaja.cz/,2026-01-13 18:15:12,optika Vác
info@lentiamo.cz,https://www.lentiamo.cz/optika-kremencova-praha.html,2026-01-13 18:15:12,optika Vác
kremencova@lentiamo.cz,https://www.lentiamo.cz/optika-kremencova-praha.html,2026-01-13 18:15:12,optika Vác
radnicka@lentiamo.cz,https://www.lentiamo.cz/optika-kremencova-praha.html,2026-01-13 18:15:12,optika Vác
nuselska@lentiamo.cz,https://www.lentiamo.cz/optika-kremencova-praha.html,2026-01-13 18:15:12,optika Vác
contactus@keringeyewear.com,https://www.fielmann.cz/,2026-01-13 18:15:12,optika Vác
kundenservice@fielmann.com,https://www.fielmann.cz/,2026-01-13 18:15:12,optika Vác
info@cartronic.de,https://www.fielmann.cz/,2026-01-13 18:15:12,optika Vác
info@marcolin.com,https://www.fielmann.cz/,2026-01-13 18:15:12,optika Vác
info@julbo.fr,https://www.fielmann.cz/,2026-01-13 18:15:12,optika Vác
info@prvnioptika.cz,https://www.prvnioptika.cz/,2026-01-13 18:15:12,optika Vác
8c4075d5481d476e945486754f783364@sentry.io,https://www.prvnioptika.cz/,2026-01-13 18:15:12,optika Vác
88170cb0c9d64f94b5821ca7fd2d55a4@sentry-next.wixpress.com,https://www.prvnioptika.cz/,2026-01-13 18:15:12,optika Vác
dd0a55ccb8124b9c9d938e3acf41f8aa@sentry.wixpress.com,https://www.prvnioptika.cz/,2026-01-13 18:15:12,optika Vác
c183baa23371454f99f417f6616b724d@sentry.wixpress.com,https://www.prvnioptika.cz/,2026-01-13 18:15:12,optika Vác
ed436f5053144538958ad06a5005e99a@sentry.wixpress.com,https://www.prvnioptika.cz/,2026-01-13 18:15:12,optika Vác
460ff4620fa44cba8df530afde949785@sentry.wixpress.com,https://www.prvnioptika.cz/,2026-01-13 18:15:12,optika Vác
9a65e97ebe8141fca0c4fd686f70996b@sentry.wixpress.com,https://www.prvnioptika.cz/,2026-01-13 18:15:12,optika Vác
1eeb89147c984dc6bc3ffafd9e6cd089@sentry.wixpress.com,https://www.prvnioptika.cz/,2026-01-13 18:15:12,optika Vác
18d2f96d279149989b95faf0a4b41882@sentry-next.wixpress.com,https://www.prvnioptika.cz/,2026-01-13 18:15:12,optika Vác
2062d0a4929b45348643784b5cb39c36@sentry.wixpress.com,https://www.prvnioptika.cz/,2026-01-13 18:15:12,optika Vác
a18507e8883842d8a1ba47257fee81ac@sentry.wixpress.com,https://www.prvnioptika.cz/,2026-01-13 18:15:12,optika Vác
271e9fa3230b4eec94b02bf95780f5f2@sentry.wixpress.com,https://www.prvnioptika.cz/,2026-01-13 18:15:12,optika Vác
5d1795a2db124a268f1e1bd88f503500@sentry.wixpress.com,https://www.prvnioptika.cz/,2026-01-13 18:15:12,optika Vác
info@alensa.cz,https://www.alensa.cz/optika-alensa-praha.html,2026-01-13 18:15:12,optika Vác
lazarska@alensa.cz,https://www.alensa.cz/optika-alensa-praha.html,2026-01-13 18:15:12,optika Vác
masarykova@alensa.cz,https://www.alensa.cz/optika-alensa-praha.html,2026-01-13 18:15:12,optika Vác
ceskebudejovice@alensa.cz,https://www.alensa.cz/optika-alensa-praha.html,2026-01-13 18:15:12,optika Vác
ostrava@alensa.cz,https://www.alensa.cz/optika-alensa-praha.html,2026-01-13 18:15:12,optika Vác
budejovicka@alensa.cz,https://www.alensa.cz/optika-alensa-praha.html,2026-01-13 18:15:12,optika Vác
vysokemyto@alensa.cz,https://www.alensa.cz/optika-alensa-praha.html,2026-01-13 18:15:12,optika Vác
hradeckralove@alensa.cz,https://www.alensa.cz/optika-alensa-praha.html,2026-01-13 18:15:12,optika Vác
jan.novak@seznam.cz,https://www.alensa.cz/optika-alensa-praha.html,2026-01-13 18:15:12,optika Vác
lidicka@larooptik.cz,https://larooptik.cz/,2026-01-13 18:15:14,optika Vác
starostrasnicka@larooptik.cz,https://larooptik.cz/,2026-01-13 18:15:14,optika Vác
support@blitz.gg,https://blitz.gg/fortnite,2026-01-13 18:15:55,pizzéria Vác
sixi@sixi.hu,https://www.sixi.hu/,2026-01-13 18:15:59,cukorkabolt Vác
ea@niedersachsen.de,https://service.niedersachsen.de/detail?pstId=9887501,2026-01-13 18:15:59,cukorkabolt Vác
gesundheit-digital@it.niedersachsen.de,https://www.gesundheitsamt-digital.de/tools/itn-ifsg,2026-01-13 18:15:59,cukorkabolt Vác
webmaster@rki.de,https://www.rki.de/DE/Themen/Infektionskrankheiten/Meldewesen/Belehrungsboegen/belehrungsboegen.html,2026-01-13 18:16:00,cukorkabolt Vác
info@magyar-dalszoveg.hu,https://www.magyar-dalszoveg.hu/lyrics/50-cent-candy-shop-the-massacre,2026-01-13 18:16:00,cukorkabolt Vác
webshop@ecofamily.hu,https://ecofamily.hu/c/elelmiszer/edesseg/cukorka-drazse,2026-01-13 18:16:00,cukorkabolt Vác
info@silex99.hu,https://aranyoldalak.hu/dokumentum-feldolgozas/vacratot/,2026-01-13 18:16:09,gazdabolt Vácrátót
info@forumszombathely.hu,https://rendeles.forumetteremszombathely.hu/,2026-01-13 18:16:30,étterem Vácrátót
iroda@biohair.hu,https://biohair.hu/,2026-01-13 18:16:58,fodrász Vácrátót
honved@benugyogyszertar.hu,https://benu.hu/benu-gyogyszertar-budapest-honved?___store=hu&___from_store=hu,2026-01-13 18:17:10,gyógyszertár Vácrátót
aranyfu@benugyogyszertar.hu,https://benu.hu/benu-gygyszertar-budapest-aranyfu?___store=hu&___from_store=hu,2026-01-13 18:17:15,gyógyszertár Vácrátót
benuwebshop@gmail.com,https://benu.hu/benu-gyogyszertar-budapest-csillag/?___store=hu&___from_store=hu,2026-01-13 18:17:16,gyógyszertár Vácrátót
olaj@lavina.hu,https://lavinaolaj.hu/szervizek/,2026-01-13 18:17:22,autószerviz Vácrátót
aebp@freestart.hu,https://lavinaolaj.hu/szervizek/,2026-01-13 18:17:22,autószerviz Vácrátót
info@vezerdiagnosztika.hu,https://lavinaolaj.hu/szervizek/,2026-01-13 18:17:22,autószerviz Vácrátót
pappauto1@freemail.hu,https://lavinaolaj.hu/szervizek/,2026-01-13 18:17:22,autószerviz Vácrátót
szerviz@autoszovgyongyos.hu,https://lavinaolaj.hu/szervizek/,2026-01-13 18:17:22,autószerviz Vácrátót
bonifertszerviz@freemail.hu,https://lavinaolaj.hu/szervizek/,2026-01-13 18:17:22,autószerviz Vácrátót
galambos.zoltan5@upcmail.hu,https://lavinaolaj.hu/szervizek/,2026-01-13 18:17:22,autószerviz Vácrátót
graffauto@freemail.hu,https://lavinaolaj.hu/szervizek/,2026-01-13 18:17:22,autószerviz Vácrátót
k.and.k@invitel.hu,https://lavinaolaj.hu/szervizek/,2026-01-13 18:17:22,autószerviz Vácrátót
autodiagnosztikakft@invitel.hu,https://lavinaolaj.hu/szervizek/,2026-01-13 18:17:22,autószerviz Vácrátót
opelszerviz@lavina.hu,https://lavinaolaj.hu/szervizek/,2026-01-13 18:17:22,autószerviz Vácrátót
postmaster@mandokiszerviz1.t-online.hu,https://lavinaolaj.hu/szervizek/,2026-01-13 18:17:22,autószerviz Vácrátót
info@dieselgodollo.hu,https://lavinaolaj.hu/szervizek/,2026-01-13 18:17:22,autószerviz Vácrátót
gyuri.tt@invitel.hu,https://lavinaolaj.hu/szervizek/,2026-01-13 18:17:22,autószerviz Vácrátót
zoller.l@invitel.hu,https://lavinaolaj.hu/szervizek/,2026-01-13 18:17:22,autószerviz Vácrátót
info@antalteam.hu,https://antalteam.hu/szolgaltatasok/autovillamossagi-szakszerviz/,2026-01-13 18:17:26,autószerviz Vácrátót
antalteamszerviz@gmail.com,https://antalteam.hu/szolgaltatasok/autovillamossagi-szakszerviz/,2026-01-13 18:17:26,autószerviz Vácrátót
hello@mediadigital.hu,https://antalteam.hu/szolgaltatasok/autovillamossagi-szakszerviz/,2026-01-13 18:17:26,autószerviz Vácrátót
bl007munkaruhazat@gmail.com,https://aranyoldalak.hu/munkavedelmi-felszerelesek/goed/,2026-01-13 18:18:16,gazdabolt Göd
hajdu@stihl-kereskedes.hu,https://aranyoldalak.hu/munkavedelmi-felszerelesek/goed/,2026-01-13 18:18:16,gazdabolt Göd
vaskertvaros@vaskerx.hu,https://aranyoldalak.hu/munkavedelmi-felszerelesek/goed/,2026-01-13 18:18:16,gazdabolt Göd
barkacsgazdabolt@gmail.com,https://aranyoldalak.hu/munkavedelmi-felszerelesek/goed/,2026-01-13 18:18:16,gazdabolt Göd
info@gastro.hu,https://gastro.hu/helyek/kincsem-pekseg,2026-01-13 18:18:24,pékség Göd
hello@speedhairsalon.hu,https://speedhairsalon.hu/,2026-01-13 18:18:31,fodrász Göd
atimcar@invitel.hu,https://2gohungary.com/item/atim-car-autoszerviz-es-autosbolt/,2026-01-13 18:18:40,autószerviz Göd
virgocorbisproduct.productcategory@formlabel.limit,https://epitoanyag.hu/epitoanyag/tegla-c1429060,2026-01-13 18:19:01,építőanyag Göd
service@oetker.de,https://www.oetker.de/rezepte/r/hessischer-speckkuchen,2026-01-13 18:19:14,bútoráruház Göd
example@mail.com,https://www.therapistaid.com/therapy-worksheet/who-am-i-identity-exploration-exercise,2026-01-13 18:19:14,bútoráruház Göd
hayley@creativetherapyideas.com,https://creativetherapyideas.com/printable-art-therapy-activities-pdf/,2026-01-13 18:19:15,bútoráruház Göd
info@emdria.org,https://www.emdria.org/learning-class/the-tree-of-me-and-seed-to-weed/,2026-01-13 18:19:16,bútoráruház Göd
10438169@fsbmessage.html,https://ru.wikipedia.org/wiki/Telegram,2026-01-13 18:19:33,ingatlaniroda Göd
support@telegram.org,https://play.google.com/store/apps/details?id=org.telegram.messenger&hl=ru,2026-01-13 18:19:33,ingatlaniroda Göd
proverka@example.com,https://apps.microsoft.com/detail/9n97zckpd60q?hl=ru-RU&gl=US,2026-01-13 18:19:33,ingatlaniroda Göd
email@example.com,https://apps.microsoft.com/detail/9n97zckpd60q?hl=ru-RU&gl=US,2026-01-13 18:19:33,ingatlaniroda Göd
unigram.team@outlook.com,https://apps.microsoft.com/detail/9n97zckpd60q?hl=ru-RU&gl=US,2026-01-13 18:19:33,ingatlaniroda Göd
nicegram@appvillis.com,https://apps.apple.com/ru/app/telegram-messenger/id686449807,2026-01-13 18:19:33,ingatlaniroda Göd
polarbear@mrfloydinc.com,https://apps.apple.com/ru/app/telegram-messenger/id686449807,2026-01-13 18:19:33,ingatlaniroda Göd
abuse@tamtam.chat,https://apps.apple.com/ru/app/telegram-messenger/id686449807,2026-01-13 18:19:33,ingatlaniroda Göd
rating@mail.ru,https://hi-tech.mail.ru/news/140711-chto-proishodit-s-telegram-v-rossii-13-yanvarya-2026-goda/,2026-01-13 18:19:33,ingatlaniroda Göd
andrew.brt@mail.ru,https://hi-tech.mail.ru/news/140711-chto-proishodit-s-telegram-v-rossii-13-yanvarya-2026-goda/,2026-01-13 18:19:33,ingatlaniroda Göd
support@klerk.ru,https://www.klerk.ru/buh/articles/673237/,2026-01-13 18:19:33,ingatlaniroda Göd
20da6ec7ea36b4bc8f38b901208d0bbb@sr.c.klerk-team.ru,https://www.klerk.ru/buh/articles/673237/,2026-01-13 18:19:33,ingatlaniroda Göd
help@revolut.com,https://apps.apple.com/us/app/revolut-send-spend-and-save/id932493382,2026-01-13 18:19:33,ingatlaniroda Göd
support@revolut.com,https://apps.apple.com/us/app/revolut-send-spend-and-save/id932493382,2026-01-13 18:19:33,ingatlaniroda Göd
feedback@revolut.com,https://play.google.com/store/apps/details?id=com.revolut.revolut&hl=en-US,2026-01-13 18:19:34,ingatlaniroda Göd
lazarhusmintabolt@gmail.com,https://lazarhus.hu/,2026-01-13 18:19:49,húsbolt Dunakeszi
husmintabolt@citromail.hu,https://www.lazarhus.hu/cikkek/elerhetoseg.html,2026-01-13 18:19:54,húsbolt Dunakeszi
lazarhus@citromail.hu,https://www.lazarhus.hu/cikkek/elerhetoseg.html,2026-01-13 18:19:54,húsbolt Dunakeszi
help@supersportbet.com,https://apps.apple.com/za/app/betbus-games-sports-betting/id6503288404,2026-01-13 18:20:17,kozmetika Dunakeszi
support@sportpesa.co.za,https://apps.apple.com/za/app/betbus-games-sports-betting/id6503288404,2026-01-13 18:20:17,kozmetika Dunakeszi
katlego@playcasino.co.za,https://www.playcasino.co.za/betbus-review,2026-01-13 18:20:18,kozmetika Dunakeszi
support@betbus.co.za,https://www.playcasino.co.za/betbus-review,2026-01-13 18:20:18,kozmetika Dunakeszi
info@betline.co.za,https://betline.co.za/compare-betting-sites/betbus/,2026-01-13 18:20:18,kozmetika Dunakeszi
info@auchan.hu,https://auchan.hu/benzinkutak/mh-auchan-dunakeszi-benzinkut,2026-01-13 18:21:00,benzinkút Dunakeszi
valaki@pelda.hu,https://auchan.hu/benzinkutak/mh-auchan-dunakeszi-benzinkut,2026-01-13 18:21:00,benzinkút Dunakeszi
kommunikacio@auchan.hu,https://auchan.hu/benzinkutak/mh-auchan-dunakeszi-benzinkut,2026-01-13 18:21:00,benzinkút Dunakeszi
karrier@auchan.hu,https://auchan.hu/benzinkutak/mh-auchan-dunakeszi-benzinkut,2026-01-13 18:21:00,benzinkút Dunakeszi
info@dguv.de,https://www.dguv.de/landesverbaende/de/med_reha/d-arzt-verfahren/index.jsp,2026-01-13 19:42:30,bútoráruház Dunakeszi
ukh@ukh.de,https://www.ukh.de/unternehmen-und-beschaeftigte/durchgangsarzt-verfahren,2026-01-13 19:42:30,bútoráruház Dunakeszi
anfragen-recruiting@bg-prevent.de,https://bg-prevent.de/faq/durchgangsarzt,2026-01-13 19:42:31,bútoráruház Dunakeszi
support@sportmateclub.com,https://www.sportmate.hu/hu/app/fitness5-dunakeszi,2026-01-13 19:42:39,fitness Dunakeszi
hello@sportmateclub.com,https://www.sportmate.hu/hu/app/fitness5-dunakeszi,2026-01-13 19:42:39,fitness Dunakeszi
info@fontosinfok.hu,https://www.fontosinfok.hu/gazdabolt/fot_gazdabolt_uzlet_foti_gazdaboltok_gazda_uzletek_fot_266.php,2026-01-13 19:43:13,gazdabolt Fót
info@szentendregyogyszertar.hu,https://szentendregyogyszertar.hu/ugyeleti-rend/orvosi-ugyelet,2026-01-13 19:43:57,gyógyszertár Szentendre
ugyfelszolgalat@szentendre.hu,https://szentendre.hu/patikak-ugyeleti-rendje-2/,2026-01-13 19:43:57,gyógyszertár Szentendre
info@kelloneservice.hu,https://www.japker.hu/japker_autoszerviz.html,2026-01-13 19:44:10,autószerviz Szentendre
info@kellonecar.hu,https://www.japker.hu/japker_autoszerviz.html,2026-01-13 19:44:10,autószerviz Szentendre
rebeka200128@gmail.com,https://www.japker.hu/japker_autoszerviz.html,2026-01-13 19:44:10,autószerviz Szentendre
mazdainfo@japker.hu,https://www.japker.hu/japker_autoszerviz.html,2026-01-13 19:44:10,autószerviz Szentendre
mitsubishiinfo@japker.hu,https://www.japker.hu/japker_autoszerviz.html,2026-01-13 19:44:10,autószerviz Szentendre
toyotainfo@japker.hu,https://www.japker.hu/japker_autoszerviz.html,2026-01-13 19:44:10,autószerviz Szentendre
nissaninfo@japker.hu,https://www.japker.hu/japker_autoszerviz.html,2026-01-13 19:44:10,autószerviz Szentendre
japcarkft@gmail.com,https://www.japker.hu/japker_autoszerviz.html,2026-01-13 19:44:10,autószerviz Szentendre
gyongyosi@japker.hu,https://www.japker.hu/japker_autoszerviz.html,2026-01-13 19:44:10,autószerviz Szentendre
info@nadovi.hu,https://nadovi.hu/szolgaltatasaink/autovillamossag/,2026-01-13 19:44:10,autószerviz Szentendre
mihu@intercars.eu,https://motointegrator.com/hu/hu/autoszervizek/szolgaltatas-150-gepjarmu-muszaki-vizsga/telepules-szentendre,2026-01-13 19:44:10,autószerviz Szentendre
fleet.hr@intercars.eu,https://motointegrator.com/hu/hu/autoszervizek/szolgaltatas-150-gepjarmu-muszaki-vizsga/telepules-szentendre,2026-01-13 19:44:10,autószerviz Szentendre
sekretariat@intercars.eu,https://motointegrator.com/hu/hu/autoszervizek/szolgaltatas-150-gepjarmu-muszaki-vizsga/telepules-szentendre,2026-01-13 19:44:10,autószerviz Szentendre
u003esekretariat@intercars.eu,https://motointegrator.com/hu/hu/autoszervizek/szolgaltatas-150-gepjarmu-muszaki-vizsga/telepules-szentendre,2026-01-13 19:44:10,autószerviz Szentendre
iod@intercars.eu,https://motointegrator.com/hu/hu/autoszervizek/szolgaltatas-150-gepjarmu-muszaki-vizsga/telepules-szentendre,2026-01-13 19:44:10,autószerviz Szentendre
u003eiod@intercars.eu,https://motointegrator.com/hu/hu/autoszervizek/szolgaltatas-150-gepjarmu-muszaki-vizsga/telepules-szentendre,2026-01-13 19:44:10,autószerviz Szentendre
info@intercars.com.pl,https://motointegrator.com/hu/hu/autoszervizek/szolgaltatas-150-gepjarmu-muszaki-vizsga/telepules-szentendre,2026-01-13 19:44:10,autószerviz Szentendre
u003einfo@intercars.com.pl,https://motointegrator.com/hu/hu/autoszervizek/szolgaltatas-150-gepjarmu-muszaki-vizsga/telepules-szentendre,2026-01-13 19:44:10,autószerviz Szentendre
kontakt@mi.eu,https://motointegrator.com/hu/hu/autoszervizek/szolgaltatas-150-gepjarmu-muszaki-vizsga/telepules-szentendre,2026-01-13 19:44:10,autószerviz Szentendre
u003ekontakt@mi.eu,https://motointegrator.com/hu/hu/autoszervizek/szolgaltatas-150-gepjarmu-muszaki-vizsga/telepules-szentendre,2026-01-13 19:44:10,autószerviz Szentendre
u003einfo.hu@motointegrator.com,https://motointegrator.com/hu/hu/autoszervizek/szolgaltatas-150-gepjarmu-muszaki-vizsga/telepules-szentendre,2026-01-13 19:44:10,autószerviz Szentendre
pelda@domain.com,https://motointegrator.com/hu/hu/autoszervizek/szolgaltatas-150-gepjarmu-muszaki-vizsga/telepules-szentendre,2026-01-13 19:44:10,autószerviz Szentendre
pontjo@t-online.hu,https://aranyoldalak.hu/autoszerviz1/szentendre/,2026-01-13 19:44:22,autószerviz Szentendre
szerviz@schillingauto.hu,https://aranyoldalak.hu/autoszerviz1/szentendre/,2026-01-13 19:44:22,autószerviz Szentendre
amexpertkft@gmail.com,https://aranyoldalak.hu/autoszerviz1/szentendre/,2026-01-13 19:44:22,autószerviz Szentendre
raffabt@gmail.com,https://aranyoldalak.hu/autoszerviz1/szentendre/,2026-01-13 19:44:22,autószerviz Szentendre
info@a1automento.hu,https://aranyoldalak.hu/autoszerviz1/szentendre/,2026-01-13 19:44:22,autószerviz Szentendre
nyiregyhaza@gumiabroncskft.hu,https://aranyoldalak.hu/autoszerviz1/szentendre/,2026-01-13 19:44:22,autószerviz Szentendre
info@soder-depo.hu,https://www.soder-depo.hu/,2026-01-13 19:44:25,építőanyag Szentendre
support@fotmob.com,https://play.google.com/store/apps/details?id=com.mobilefootie.wc2010&hl=en-US,2026-01-13 19:44:38,bútoráruház Szentendre
christer@fotmob.com,https://play.google.com/store/apps/details?id=com.mobilefootie.wc2010&hl=en-US,2026-01-13 19:44:38,bútoráruház Szentendre
contact@365scores.com,https://play.google.com/store/apps/details?id=com.mobilefootie.wc2010&hl=en-US,2026-01-13 19:44:38,bútoráruház Szentendre
info@onmascout.de,https://www.onmascout.de/ratgeber/gmail/gmail-anmelden/,2026-01-13 19:44:45,bútoráruház Szentendre
vorname.nachname+newsletter@gmail.com,https://www.onmascout.de/ratgeber/gmail/gmail-anmelden/,2026-01-13 19:44:45,bútoráruház Szentendre
info@bukkoshotel.hu,https://bukkoshotel.hu/4-csillagos-szalloda.html,2026-01-13 19:44:59,szálloda Szentendre
kundenservice@elektro-wandelt.de,https://www.trustedshops.de/bewertung/elektro-wandelt-de,2026-01-13 19:45:03,múzeum Szentendre
deine@email.de,https://www.trustedshops.de/bewertung/elektro-wandelt-de,2026-01-13 19:45:03,múzeum Szentendre
n@hlaoder.sqjlxfzbllaudj.hj,https://adresse.dastelefonbuch.de/Attendorn/3-Elektroinstallationen-Wandelt-Attendorn-Hohler-Weg.html,2026-01-13 19:45:03,múzeum Szentendre
admin@spolnozdravlje.hr,https://hepatitis.hr/clanak.php?id=12364,2026-01-13 19:45:03,múzeum Szentendre
office@stetoskop.info,https://www.stetoskop.info/zarazne-bolesti-infektologija/hronicni-virusni-hepatitis-b-i-c,2026-01-13 19:45:04,múzeum Szentendre
ravnateljstvo@hzjz.hr,https://www.hzjz.hr/aktualnosti/virusni-hepatitisi/,2026-01-13 19:45:04,múzeum Szentendre
info@hzjz.hr,https://www.hzjz.hr/aktualnosti/virusni-hepatitisi/,2026-01-13 19:45:04,múzeum Szentendre
hzjz@hzjz.hr,https://www.hzjz.hr/aktualnosti/virusni-hepatitisi/,2026-01-13 19:45:04,múzeum Szentendre
support@trustpilot.com,https://de.trustpilot.com/review/www.elektro-wandelt.de,2026-01-13 19:45:04,múzeum Szentendre
privacy@trustpilot.com,https://de.trustpilot.com/review/www.elektro-wandelt.de,2026-01-13 19:45:04,múzeum Szentendre
7ac98d0742b24421b3d38448c4bf1184@o211375.ingest.sentry.io,https://de.trustpilot.com/review/www.elektro-wandelt.de,2026-01-13 19:45:04,múzeum Szentendre
feedback@tiktok.com,https://play.google.com/store/apps/details?id=com.zhiliaoapp.musically&gl=FR,2026-01-13 19:45:20,ajándékbolt Szentendre
ies-google-play@tiktok.com,https://play.google.com/store/apps/details?id=com.zhiliaoapp.musically&gl=FR,2026-01-13 19:45:20,ajándékbolt Szentendre
exemple@exemple.com,https://www.tiktok.com/fr/,2026-01-13 19:45:21,ajándékbolt Szentendre
robert@broofa.com,https://www.google.co.za/index.html,2026-01-13 19:45:21,ajándékbolt Szentendre
feedback_eu@tiktok.com,https://apps.apple.com/fr/app/tiktok-%C3%A7a-commence-avec-toi/id835599320,2026-01-13 19:45:22,ajándékbolt Szentendre
nfeedback_eu@tiktok.com,https://apps.apple.com/fr/app/tiktok-%C3%A7a-commence-avec-toi/id835599320,2026-01-13 19:45:22,ajándékbolt Szentendre
supportmobile@tf1.fr,https://apps.apple.com/fr/app/tiktok-%C3%A7a-commence-avec-toi/id835599320,2026-01-13 19:45:22,ajándékbolt Szentendre
support@touchzing.com,https://apps.apple.com/fr/app/tiktok-%C3%A7a-commence-avec-toi/id835599320,2026-01-13 19:45:22,ajándékbolt Szentendre
vibewallpapers@gmail.com,https://apps.apple.com/fr/app/tiktok-%C3%A7a-commence-avec-toi/id835599320,2026-01-13 19:45:22,ajándékbolt Szentendre
senty.bhadani@gmail.com,https://apps.apple.com/fr/app/tiktok-%C3%A7a-commence-avec-toi/id835599320,2026-01-13 19:45:22,ajándékbolt Szentendre
help@lazada.com,https://play.google.com/store/apps/details?id=com.ss.android.ugc.trill&hl=fr,2026-01-13 19:45:23,ajándékbolt Szentendre
szerk@diningguide.hu,https://diningguide.hu/svab-hagyomanyok-es-a-dunakanyar-termeloi-ertekei-az-omami-es-rozmaring-etteremmel-beszelgettunk/,2026-01-13 19:45:32,étterem Nagymaros
konyha@nagymaros.hu,https://nagymaros.hu/directory/matyas-etkezde/,2026-01-13 19:45:33,étterem Nagymaros
hivatal@nagymaros.hu,https://nagymaros.hu/directory/matyas-etkezde/,2026-01-13 19:45:33,étterem Nagymaros
s@nagymaros.hu,https://nagymaros.hu/directory/matyas-etkezde/,2026-01-13 19:45:33,étterem Nagymaros
info@dunaweb.hu,http://apro.vac.hu/cegkatalogus/5219_3000_-adotanacsadas-berszamfejtes-konyveles-Edeske-Aliz-Cukraszmuhely-Vac---Nagymaros-Vac.html,2026-01-13 19:48:56,cukrászda Nagymaros
iletisim@donanimhaber.com,https://forum.donanimhaber.com/sirens-22-mayis-netflix--161319456,2026-01-13 19:49:08,szálloda Nagymaros
sales@rimmerbros.com,https://rimmerbros.com/ItemSearch--search-Car15857--srcin-1,2026-01-13 19:49:09,szálloda Nagymaros
lrsales@rimmerbros.com,https://rimmerbros.com/ItemSearch--search-Car15857--srcin-1,2026-01-13 19:49:09,szálloda Nagymaros
mgrover@rimmerbros.com,https://rimmerbros.com/ItemSearch--search-Car15857--srcin-1,2026-01-13 19:49:09,szálloda Nagymaros
jaguar@rimmerbros.com,https://rimmerbros.com/ItemSearch--search-Car15857--srcin-1,2026-01-13 19:49:09,szálloda Nagymaros
customer.services@rimmerbros.com,https://rimmerbros.com/ItemSearch--search-Car15857--srcin-1,2026-01-13 19:49:09,szálloda Nagymaros
trade@rimmerbros.com,https://rimmerbros.com/ItemSearch--search-Car15857--srcin-1,2026-01-13 19:49:09,szálloda Nagymaros
etterem@patakvendeglo.hu,https://www.patakvendeglo.hu/,2026-01-13 19:49:16,étterem Verőce
nyhelyszinek@gmail.com,https://top-rendezvenyhelyszinek.hu/helyszinek/camelot-club-hotel-es-etterem-vac/,2026-01-13 19:49:16,étterem Verőce
virag.jozsef45@gmail.com,https://vas-csavar-gazdabolt.uzleti.hu/,2026-01-13 19:49:29,gazdabolt Verőce (Snippet)
madaimisike@gmail.com,https://gumi.hu/szerviz/szobi-gumiszerviz,2026-01-13 19:54:28,autószerviz Szob
szallas@szallashegyek.hu,https://szallashegyek.hu/B%C3%B6rzs%C3%B6ny/Auto-Szerviz-Szob-995,2026-01-13 19:54:28,autószerviz Szob
info@forcartechnik.hu,https://forcartechnik.hu/elerhetosegeink/,2026-01-13 19:54:28,autószerviz Szob
forcartechnik@gmail.com,https://forcartechnik.hu/elerhetosegeink/,2026-01-13 19:54:28,autószerviz Szob
info@korrektszervizek.hu,https://korrektszervizek.hu/,2026-01-13 19:54:32,autószerviz Szob
drinfernus@gmail.com,https://www.dunakanyarvet.hu/rolunk/,2026-01-13 19:55:40,gyógyszertár Tahitótfalu
info@menetrendek.net,https://www.menetrendek.net/gyogyszertar_patika/tahitotfalu_gyogyszertar_patika_tahitotfalui_patikak_gyogyszertarak_tahitotfalu_175.php,2026-01-13 19:55:55,gyógyszertár Tahitótfalu
vorosko.leanyfalu.ote@gmail.com,https://utcak-magyarorszag.openalfa.com/utcak/erkel-koez-leanyfalu-szentendrei-jaras,2026-01-13 19:56:25,pékség Leányfalu
ugyfelszolgalat@posta.hu,https://utcak-magyarorszag.openalfa.com/utcak/erkel-koez-leanyfalu-szentendrei-jaras,2026-01-13 19:56:25,pékség Leányfalu
foo@example.com,https://utcak-magyarorszag.openalfa.com/utcak/erkel-koez-leanyfalu-szentendrei-jaras,2026-01-13 19:56:25,pékség Leányfalu
hello@blackpinecabin.hu,https://blackpinecabin.hu/,2026-01-13 19:56:26,pékség Leányfalu
kariera@firma.seznam.cz,https://mapy.com/en/?source=osm&id=1166974396,2026-01-13 19:57:34,pékség Sződ
pillevetrendelo@gmail.com,http://szod-allatorvos.hu/,2026-01-13 19:57:34,pékség Sződ
rendeles@darno-hus.hu,https://darno-hus.hu/izlelo-helyeink/,2026-01-13 19:57:35,pékség Sződ
titkarsag@darno-hus.hu,https://darno-hus.hu/izlelo-helyeink/,2026-01-13 19:57:35,pékség Sződ
kapuagro@gmail.com,https://aranyoldalak.hu/mezogazdasagi-lancok/kapuvar/,2026-01-13 19:57:52,gazdabolt Sződliget
jozsi@muker91.hu,https://aranyoldalak.hu/mezogazdasagi-lancok/kapuvar/,2026-01-13 19:57:52,gazdabolt Sződliget
ligetfestek@gmail.com,https://aranyoldalak.hu/dulux/szodliget/,2026-01-13 19:57:54,gazdabolt Sződliget
kartevoirtas.kzsolt@gmail.com,https://aranyoldalak.hu/rovarirto-szerek/bekes-megye/,2026-01-13 19:57:57,gazdabolt Sződliget
paszuly81@freemail.hu,https://16.kerulet.ittlakunk.hu/holmi/uzletek/paszuly-gazdabolt,2026-01-13 19:59:37,gazdabolt Csömör
csomor@benugyogyszertar.hu,https://benu.hu/benu-gyogyszertar-csomor-auchan.html?___store=hu&___from_store=hu,2026-01-13 20:00:28,gyógyszertár Csömör
recept.szokolya@gmail.com,https://www.szokolya.hu/intezmenyek/egeszsegugy,2026-01-13 20:01:22,gazdabolt Szokolya
farkas.erika@szokolya.hu,https://www.szokolya.hu/intezmenyek/egeszsegugy,2026-01-13 20:01:22,gazdabolt Szokolya
angyalszivautossportclub@gmail.com,https://www.truck-trial.hu/,2026-01-13 20:01:24,gazdabolt Szokolya
rendeles@vet-medica.hu,https://aranyoldalak.hu/nagy-gyogyszertar/nograd-megye/,2026-01-13 20:02:47,gyógyszertár Nógrád
magnoliaegeszseghaz@gmail.com,https://aranyoldalak.hu/nagy-gyogyszertar/nograd-megye/,2026-01-13 20:02:47,gyógyszertár Nógrád
medinkont@medinkont.hu,https://aranyoldalak.hu/nagy-gyogyszertar/nograd-megye/,2026-01-13 20:02:47,gyógyszertár Nógrád
grangenius@grangenius.hu,https://aranyoldalak.hu/nagy-gyogyszertar/nograd-megye/,2026-01-13 20:02:47,gyógyszertár Nógrád
kamilla@benugyogyszertar.hu,https://benu.hu/benu-gyogyszertar-salgotarjan-kamilla?___store=hu&___from_store=hu,2026-01-13 20:02:57,gyógyszertár Nógrád
info@bonitaszalon.hu,https://bonitaszalon.hu/szepitok/fodraszat/,2026-01-13 20:03:17,fodrász Gödöllő
contact@cnrtl.fr,https://www.cnrtl.fr/definition/moteur,2026-01-13 20:03:28,benzinkút Gödöllő
community@holidaycheck.de,https://www.holidaycheck.de/whr/hotelbewertungen,2026-01-13 20:03:33,benzinkút Gödöllő
brandy.kemunto@tuko.co.ke,https://www.tuko.co.ke/people/relationships/544832-kakas-wife-shares-reason-divorced-footballer-perfect/,2026-01-13 20:03:41,szálloda Gödöllő
dare.kuti@corp.legit.ng,https://www.legit.ng/sports/football/1661727-flashback-brazil-legend-kakas-wife-divorces-perfect/,2026-01-13 20:03:41,szálloda Gödöllő
sports@pulse.ng,https://www.pulsesports.co.ke/football/story/former-ballon-dor-winner-kaka-reveals-how-he-dealt-with-wife-bizarrely-divorcing-him-for-being-too-perfect-2024041609584215591,2026-01-13 20:03:42,szálloda Gödöllő
sportske@pulse.co.ke,https://www.pulsesports.co.ke/football/story/former-ballon-dor-winner-kaka-reveals-how-he-dealt-with-wife-bizarrely-divorcing-him-for-being-too-perfect-2024041609584215591,2026-01-13 20:03:42,szálloda Gödöllő
feliciairiszgilly@gmail.com,https://edzoterem.info/arsenal-fitness-gym-fitness-terem-godollo-2100/,2026-01-13 20:03:51,fitness Gödöllő
info@g1fitness.hu,https://g1fitness.hu/hazirend/,2026-01-13 20:03:52,fitness Gödöllő
sulyancuki@gmail.com,https://sulyancukraszda.hu/,2026-01-13 20:04:46,cukrászda Veresegyház
gedeon.lili@feminamedia.nemspa,https://welovebudapest.com/cikk/2025/11/13/malom-cukraszda-veresegyhaz-brunch-reggeli-agglomeracio/,2026-01-13 20:04:46,cukrászda Veresegyház
sales@dnsaleshouse.hu,https://welovebudapest.com/cikk/2025/11/13/malom-cukraszda-veresegyhaz-brunch-reggeli-agglomeracio/,2026-01-13 20:04:46,cukrászda Veresegyház
info@malomcukraszda.hu,https://malomcukraszda.hu/,2026-01-13 20:04:50,cukrászda Veresegyház
info@gombaicukraszda.hu,https://gombaicukraszda.hu/,2026-01-13 20:04:51,cukrászda Veresegyház
feedback@mopo-sex-liebe.com,https://www.mopo.de/sex-liebe/singleboerse/poppende-erfahrungen-mit-infos-zum-anmelden-und-login,2026-01-13 20:07:22,étterem Szada
online@mopo.de,https://www.mopo.de/sex-liebe/singleboerse/poppende-erfahrungen-mit-infos-zum-anmelden-und-login,2026-01-13 20:07:22,étterem Szada
feedback@bild-dating.com,https://www.bild.de/dating/test/poppen,2026-01-13 20:07:22,étterem Szada
kisker@hecht.hu,https://www.hecht.hu/info/ertekesitesi-helyek,2026-01-13 20:07:30,gazdabolt Szada
nyiregyhaza@hecht.hu,https://www.hecht.hu/info/ertekesitesi-helyek,2026-01-13 20:07:30,gazdabolt Szada
sopron@hecht.hu,https://www.hecht.hu/info/ertekesitesi-helyek,2026-01-13 20:07:30,gazdabolt Szada
papa@hecht.hu,https://www.hecht.hu/info/ertekesitesi-helyek,2026-01-13 20:07:30,gazdabolt Szada
szekszard@hecht.hu,https://www.hecht.hu/info/ertekesitesi-helyek,2026-01-13 20:07:30,gazdabolt Szada
debrecen@hecht.hu,https://www.hecht.hu/info/ertekesitesi-helyek,2026-01-13 20:07:30,gazdabolt Szada
keszthely@hecht.hu,https://www.hecht.hu/info/ertekesitesi-helyek,2026-01-13 20:07:30,gazdabolt Szada
kerepes@hecht.hu,https://www.hecht.hu/info/ertekesitesi-helyek,2026-01-13 20:07:30,gazdabolt Szada
andrea.nyitrai@agrokeraruhaz.hu,https://www.hecht.hu/info/ertekesitesi-helyek,2026-01-13 20:07:30,gazdabolt Szada
mg15tradekft@gmail.com,https://www.hecht.hu/info/ertekesitesi-helyek,2026-01-13 20:07:30,gazdabolt Szada
cetterdeveloperkft@gmail.com,https://www.hecht.hu/info/ertekesitesi-helyek,2026-01-13 20:07:30,gazdabolt Szada
kertigeptechnik@gmail.com,https://www.hecht.hu/info/ertekesitesi-helyek,2026-01-13 20:07:30,gazdabolt Szada
unokertesz@gmail.com,https://www.hecht.hu/info/ertekesitesi-helyek,2026-01-13 20:07:30,gazdabolt Szada
gazdaaruhaz@bicserdi.hu,https://www.hecht.hu/info/ertekesitesi-helyek,2026-01-13 20:07:30,gazdabolt Szada
kertigepdoki1@gmail.com,https://www.hecht.hu/info/ertekesitesi-helyek,2026-01-13 20:07:30,gazdabolt Szada
pedestal@t-online.hu,https://www.hecht.hu/info/ertekesitesi-helyek,2026-01-13 20:07:30,gazdabolt Szada
geigerzoltan@freemail.hu,https://www.hecht.hu/info/ertekesitesi-helyek,2026-01-13 20:07:30,gazdabolt Szada
kgbpecs@gmail.com,https://www.hecht.hu/info/ertekesitesi-helyek,2026-01-13 20:07:30,gazdabolt Szada
bolt@vertkisgep.hu,https://www.hecht.hu/info/ertekesitesi-helyek,2026-01-13 20:07:30,gazdabolt Szada
budaiszerszam@bvmk.hu,https://www.hecht.hu/info/ertekesitesi-helyek,2026-01-13 20:07:30,gazdabolt Szada
atisgepkft@gmail.com,https://www.hecht.hu/info/ertekesitesi-helyek,2026-01-13 20:07:30,gazdabolt Szada
gurzoattila@gmail.com,https://www.hecht.hu/info/ertekesitesi-helyek,2026-01-13 20:07:30,gazdabolt Szada
victorezo@gmail.com,https://www.hecht.hu/info/ertekesitesi-helyek,2026-01-13 20:07:30,gazdabolt Szada
katona.zoltan@maurergep.hu,https://www.hecht.hu/info/ertekesitesi-helyek,2026-01-13 20:07:30,gazdabolt Szada
bartok@maurergep.hu,https://www.hecht.hu/info/ertekesitesi-helyek,2026-01-13 20:07:30,gazdabolt Szada
spilakgep@freemail.hu,https://www.hecht.hu/info/ertekesitesi-helyek,2026-01-13 20:07:30,gazdabolt Szada
info@voszimotor.hu,https://www.hecht.hu/info/ertekesitesi-helyek,2026-01-13 20:07:30,gazdabolt Szada
blueenergyhungary@gmail.com,https://www.hecht.hu/info/ertekesitesi-helyek,2026-01-13 20:07:30,gazdabolt Szada
kisgepcenterkft@gmail.com,https://www.hecht.hu/info/ertekesitesi-helyek,2026-01-13 20:07:30,gazdabolt Szada
istvan0729@gmail.com,https://www.hecht.hu/info/ertekesitesi-helyek,2026-01-13 20:07:30,gazdabolt Szada
fabianestarsa@fabianestarsa.hu,https://www.hecht.hu/info/ertekesitesi-helyek,2026-01-13 20:07:30,gazdabolt Szada
szerviz@edvillszer.hu,https://www.hecht.hu/info/ertekesitesi-helyek,2026-01-13 20:07:30,gazdabolt Szada
stihlszakuzlet@gmail.com,https://www.hecht.hu/info/ertekesitesi-helyek,2026-01-13 20:07:30,gazdabolt Szada
info@agrodoki.hu,https://www.hecht.hu/info/ertekesitesi-helyek,2026-01-13 20:07:30,gazdabolt Szada
info@emgmotors.hu,https://www.hecht.hu/info/ertekesitesi-helyek,2026-01-13 20:07:30,gazdabolt Szada
tislerker@gmail.com,https://www.hecht.hu/info/ertekesitesi-helyek,2026-01-13 20:07:30,gazdabolt Szada
kisgep@eurowindgroup.com,https://www.hecht.hu/info/ertekesitesi-helyek,2026-01-13 20:07:30,gazdabolt Szada
gazdabolt6080@gmail.com,https://www.hecht.hu/info/ertekesitesi-helyek,2026-01-13 20:07:30,gazdabolt Szada
forgorobogo@gmail.com,https://www.hecht.hu/info/ertekesitesi-helyek,2026-01-13 20:07:30,gazdabolt Szada
szerkolkft@gmail.com,https://www.hecht.hu/info/ertekesitesi-helyek,2026-01-13 20:07:30,gazdabolt Szada
hktuzep@gmail.com,https://www.hecht.hu/info/ertekesitesi-helyek,2026-01-13 20:07:30,gazdabolt Szada
somogygepesz@gmail.com,https://www.hecht.hu/info/ertekesitesi-helyek,2026-01-13 20:07:30,gazdabolt Szada
beszerzes@holistictrade.hu,https://www.hecht.hu/info/ertekesitesi-helyek,2026-01-13 20:07:30,gazdabolt Szada
stihlhodmezovasarhely@gmail.com,https://www.hecht.hu/info/ertekesitesi-helyek,2026-01-13 20:07:30,gazdabolt Szada
panitalia@panitalia.hu,https://www.hecht.hu/info/ertekesitesi-helyek,2026-01-13 20:07:30,gazdabolt Szada
kertesbarkacscentrum@agroforg.hu,https://www.hecht.hu/info/ertekesitesi-helyek,2026-01-13 20:07:30,gazdabolt Szada
info@vasiagrocenter.hu,https://www.hecht.hu/info/ertekesitesi-helyek,2026-01-13 20:07:30,gazdabolt Szada
amckft@dravanet.hu,https://www.hecht.hu/info/ertekesitesi-helyek,2026-01-13 20:07:30,gazdabolt Szada
axialis@t-online.hu,https://www.hecht.hu/info/ertekesitesi-helyek,2026-01-13 20:07:30,gazdabolt Szada
info@rinomotors.hu,https://www.hecht.hu/info/ertekesitesi-helyek,2026-01-13 20:07:30,gazdabolt Szada
agromot.bt@chello.hu,https://www.hecht.hu/info/ertekesitesi-helyek,2026-01-13 20:07:30,gazdabolt Szada
erseklaszlo@szerszam.bolt.hu,https://www.hecht.hu/info/ertekesitesi-helyek,2026-01-13 20:07:30,gazdabolt Szada
fodorteam@sasip.hu,https://www.hecht.hu/info/ertekesitesi-helyek,2026-01-13 20:07:30,gazdabolt Szada
golfaruhaz@gmail.com,https://www.hecht.hu/info/ertekesitesi-helyek,2026-01-13 20:07:30,gazdabolt Szada
info@ontozotechnika.hu,https://www.hecht.hu/info/ertekesitesi-helyek,2026-01-13 20:07:30,gazdabolt Szada
kertstudio@freemail.hu,https://www.hecht.hu/info/ertekesitesi-helyek,2026-01-13 20:07:30,gazdabolt Szada
kecelexpert@gmail.com,https://www.hecht.hu/info/ertekesitesi-helyek,2026-01-13 20:07:30,gazdabolt Szada
trapez87@invitel.hu,https://www.hecht.hu/info/ertekesitesi-helyek,2026-01-13 20:07:30,gazdabolt Szada
nagyuzlethaz@gmail.com,https://www.hecht.hu/info/ertekesitesi-helyek,2026-01-13 20:07:30,gazdabolt Szada
nemethtransport@gmail.com,https://www.hecht.hu/info/ertekesitesi-helyek,2026-01-13 20:07:30,gazdabolt Szada
ngo.kisgep@gmail.com,https://www.hecht.hu/info/ertekesitesi-helyek,2026-01-13 20:07:30,gazdabolt Szada
primagepszakuzlet@gmail.com,https://www.hecht.hu/info/ertekesitesi-helyek,2026-01-13 20:07:30,gazdabolt Szada
exportcommerceszeged@gmail.com,https://www.hecht.hu/info/ertekesitesi-helyek,2026-01-13 20:07:30,gazdabolt Szada
info@volgysegagrar.hu,https://www.hecht.hu/info/ertekesitesi-helyek,2026-01-13 20:07:30,gazdabolt Szada
szvkft@gmail.com,https://www.hecht.hu/info/ertekesitesi-helyek,2026-01-13 20:07:30,gazdabolt Szada
schmid84@freemail.hu,https://www.hecht.hu/info/ertekesitesi-helyek,2026-01-13 20:07:30,gazdabolt Szada
aquamix01@gmail.com,https://www.hecht.hu/info/ertekesitesi-helyek,2026-01-13 20:07:30,gazdabolt Szada
stihlgyorujfalu@t-online.hu,https://www.hecht.hu/info/ertekesitesi-helyek,2026-01-13 20:07:30,gazdabolt Szada
tamas.ferrovertikal@gmail.com,https://www.hecht.hu/info/ertekesitesi-helyek,2026-01-13 20:07:30,gazdabolt Szada
vinox@gmail.hu,https://www.hecht.hu/info/ertekesitesi-helyek,2026-01-13 20:07:30,gazdabolt Szada
gepkerek@zahonynet.hu,https://www.hecht.hu/info/ertekesitesi-helyek,2026-01-13 20:07:30,gazdabolt Szada
bolt@wdbt.hu,https://www.hecht.hu/info/ertekesitesi-helyek,2026-01-13 20:07:30,gazdabolt Szada
iroda@balintcsavar.hu,https://www.hecht.hu/info/ertekesitesi-helyek,2026-01-13 20:07:30,gazdabolt Szada
otvos.andrea@akker.hu,https://www.hecht.hu/info/ertekesitesi-helyek,2026-01-13 20:07:30,gazdabolt Szada
info@fuzeskertgazdabolt.hu,https://www.hecht.hu/info/ertekesitesi-helyek,2026-01-13 20:07:30,gazdabolt Szada
atikert@gmail.com,https://www.hecht.hu/info/ertekesitesi-helyek,2026-01-13 20:07:30,gazdabolt Szada
info@halasbarkacs.hu,https://www.hecht.hu/info/ertekesitesi-helyek,2026-01-13 20:07:30,gazdabolt Szada
profimilota@freemail.hu,https://www.hecht.hu/info/ertekesitesi-helyek,2026-01-13 20:07:30,gazdabolt Szada
info@kertcentrum.hu,https://www.hecht.hu/info/ertekesitesi-helyek,2026-01-13 20:07:30,gazdabolt Szada
angyalszerszamoutlet@gmail.com,https://www.hecht.hu/info/ertekesitesi-helyek,2026-01-13 20:07:30,gazdabolt Szada
gajonett4@gmail.com,https://www.hecht.hu/info/ertekesitesi-helyek,2026-01-13 20:07:30,gazdabolt Szada
baktikeragrokft@gmail.com,https://www.hecht.hu/info/ertekesitesi-helyek,2026-01-13 20:07:30,gazdabolt Szada
info@raber.hu,https://www.hecht.hu/info/ertekesitesi-helyek,2026-01-13 20:07:30,gazdabolt Szada
hc8kormenditibor@gmail.com,https://www.hecht.hu/info/ertekesitesi-helyek,2026-01-13 20:07:30,gazdabolt Szada
info@bsch.hu,https://www.hecht.hu/info/ertekesitesi-helyek,2026-01-13 20:07:30,gazdabolt Szada
info@zsem.hu,https://www.hecht.hu/info/ertekesitesi-helyek,2026-01-13 20:07:30,gazdabolt Szada
tzsuzsa26@gmail.com,https://www.hecht.hu/info/ertekesitesi-helyek,2026-01-13 20:07:30,gazdabolt Szada
kerteszetiaruhaz@cedrus97.hu,https://www.hecht.hu/info/ertekesitesi-helyek,2026-01-13 20:07:30,gazdabolt Szada
batonybarkacs@gmail.com,https://www.hecht.hu/info/ertekesitesi-helyek,2026-01-13 20:07:30,gazdabolt Szada
kereskedelem@radiator75.hu,https://www.hecht.hu/info/ertekesitesi-helyek,2026-01-13 20:07:30,gazdabolt Szada
karpatigazdabolt1@gmail.com,https://www.hecht.hu/info/ertekesitesi-helyek,2026-01-13 20:07:30,gazdabolt Szada
kertgep.szerviz@gmail.com,https://www.hecht.hu/info/ertekesitesi-helyek,2026-01-13 20:07:30,gazdabolt Szada
info@esbr.hu,https://www.hecht.hu/info/ertekesitesi-helyek,2026-01-13 20:07:30,gazdabolt Szada
vargamate58@gmail.com,https://www.hecht.hu/info/ertekesitesi-helyek,2026-01-13 20:07:30,gazdabolt Szada
fullcoveragekft@gmail.com,https://www.hecht.hu/info/ertekesitesi-helyek,2026-01-13 20:07:30,gazdabolt Szada
czakolaszlo@gmail.com,https://www.hecht.hu/info/ertekesitesi-helyek,2026-01-13 20:07:30,gazdabolt Szada
info@profigazda.hu,https://www.hecht.hu/info/ertekesitesi-helyek,2026-01-13 20:07:30,gazdabolt Szada
szatocsecser@gmail.com,https://www.hecht.hu/info/ertekesitesi-helyek,2026-01-13 20:07:30,gazdabolt Szada
support@deutschfuchs.de,https://intern.deutschfuchs.de/?show=customer_loginform,2026-01-13 20:08:25,benzinkút Mogyoród
support@fb.com,https://fobizz.com/de/,2026-01-13 20:08:25,benzinkút Mogyoród
dpo-google@google.com,https://fobizz.com/de/,2026-01-13 20:08:25,benzinkút Mogyoród
kontakt@fobizz.com,https://fobizz.com/de/,2026-01-13 20:08:25,benzinkút Mogyoród
mail@fobizz.com,http://fobizz.w4p.tech/willkommen-bei-fobizz/,2026-01-13 20:08:28,benzinkút Mogyoród
hivatal@kistarcsa.hu,https://www.kistarcsa.hu/telepules/helyi_szolgaltatasok/ettermek__vendeglatohelyek,2026-01-13 20:08:35,étterem Kerepes
ferenczi.l@invitel.hu,https://www.regionaliskiado.hu/regions/pest/patko-etterem-es-panzio/,2026-01-13 20:08:35,étterem Kerepes
ferenczi@invitel.hu,https://www.regionaliskiado.hu/regions/pest/patko-etterem-es-panzio/,2026-01-13 20:08:35,étterem Kerepes
centaurium@benugyogyszertar.hu,https://benu.hu/benu-gyogyszertar-aszod-varosi.html?___store=hu&___from_store=hu,2026-01-13 20:10:43,gyógyszertár Aszód
y8@webgroup-limited.com,https://play.google.com/store/apps/details?id=com.y8.app&hl=en,2026-01-13 20:11:03,benzinkút Aszód
raczzoltan0315@gmail.com,https://aranyoldalak.hu/villany-gazkazan/debrecen/,2026-01-13 20:11:25,gazdabolt Domony
mrianagy105@gmail.com,https://aranyoldalak.hu/polgari-szertartas/domony/,2026-01-13 20:11:28,gazdabolt Domony
misibusz2017@gmail.com,https://joszaki.hu/szakemberek/automentes/retsag,2026-01-13 20:12:51,autószerviz Rétság
nsbdroland@gmail.com,https://joszaki.hu/szakemberek/automentes/retsag,2026-01-13 20:12:51,autószerviz Rétság
bolt@lacigazda.hu,https://kwizdagarden.hu/lakossagikerteszet/kapcsolat/gazdaboltok,2026-01-13 20:13:05,gazdabolt Balassagyarmat
info@savariaagroker.hu,https://kwizdagarden.hu/lakossagikerteszet/kapcsolat/gazdaboltok,2026-01-13 20:13:05,gazdabolt Balassagyarmat
info@kwizda.hu,https://kwizdagarden.hu/lakossagikerteszet/kapcsolat/gazdaboltok,2026-01-13 20:13:05,gazdabolt Balassagyarmat
nagyszidonia13@gmail.com,https://www.naraszalon.hu/hu/,2026-01-13 20:13:36,fodrász Balassagyarmat
